X,Y,ASCII,Foreground,Background
0,0,0,#000000,#000000
1,0,0,#000000,#000000
2,0,0,#000000,#000000
3,0,0,#000000,#000000
4,0,0,#000000,#000000
5,0,0,#000000,#000000
6,0,0,#000000,#000000
7,0,0,#000000,#000000
8,0,0,#000000,#000000
9,0,0,#000000,#000000
10,0,0,#000000,#000000
11,0,0,#000000,#000000
12,0,0,#000000,#000000
13,0,0,#000000,#000000
14,0,0,#000000,#000000
15,0,0,#000000,#000000
16,0,0,#000000,#000000
17,0,0,#000000,#000000
18,0,0,#000000,#000000
19,0,0,#000000,#000000
20,0,0,#000000,#000000
21,0,0,#000000,#000000
22,0,0,#000000,#000000
23,0,0,#000000,#000000
24,0,0,#000000,#000000
25,0,0,#000000,#000000
26,0,0,#000000,#000000
27,0,0,#000000,#000000
28,0,0,#000000,#000000
29,0,0,#000000,#000000
30,0,0,#000000,#000000
31,0,0,#000000,#000000
32,0,0,#000000,#000000
33,0,0,#000000,#000000
34,0,0,#000000,#000000
35,0,0,#000000,#000000
36,0,0,#000000,#000000
37,0,0,#000000,#000000
38,0,0,#000000,#000000
39,0,0,#000000,#000000
40,0,0,#000000,#000000
41,0,0,#000000,#000000
42,0,0,#000000,#000000
43,0,0,#000000,#000000
44,0,0,#000000,#000000
45,0,0,#000000,#000000
46,0,0,#000000,#000000
47,0,0,#000000,#000000
48,0,0,#000000,#000000
49,0,0,#000000,#000000
50,0,0,#000000,#000000
51,0,0,#000000,#000000
52,0,0,#000000,#000000
53,0,0,#000000,#000000
54,0,0,#000000,#000000
55,0,0,#000000,#000000
56,0,0,#000000,#000000
57,0,0,#000000,#000000
58,0,0,#000000,#000000
59,0,0,#000000,#000000
60,0,0,#000000,#000000
61,0,0,#000000,#000000
62,0,0,#000000,#000000
63,0,0,#000000,#000000
64,0,0,#000000,#000000
65,0,0,#000000,#000000
66,0,0,#000000,#000000
67,0,0,#000000,#000000
68,0,0,#000000,#000000
69,0,0,#000000,#000000
70,0,0,#000000,#000000
71,0,0,#000000,#000000
72,0,0,#000000,#000000
73,0,0,#000000,#000000
74,0,0,#000000,#000000
75,0,0,#000000,#000000
76,0,0,#000000,#000000
77,0,0,#000000,#000000
78,0,0,#000000,#000000
79,0,0,#000000,#000000
80,0,0,#000000,#000000
81,0,0,#000000,#000000
82,0,0,#000000,#000000
83,0,0,#000000,#000000
84,0,0,#000000,#000000
85,0,0,#000000,#000000
86,0,0,#000000,#000000
87,0,0,#000000,#000000
88,0,0,#000000,#000000
89,0,0,#000000,#000000
90,0,0,#000000,#000000
91,0,0,#000000,#000000
92,0,0,#000000,#000000
93,0,0,#000000,#000000
94,0,0,#000000,#000000
95,0,0,#000000,#000000
96,0,0,#000000,#000000
97,0,0,#000000,#000000
98,0,0,#000000,#000000
99,0,0,#000000,#000000
0,1,0,#000000,#000000
1,1,0,#000000,#000000
2,1,0,#000000,#000000
3,1,0,#000000,#000000
4,1,0,#000000,#000000
5,1,0,#000000,#000000
6,1,0,#000000,#000000
7,1,0,#000000,#000000
8,1,0,#000000,#000000
9,1,0,#000000,#000000
10,1,0,#000000,#000000
11,1,0,#000000,#000000
12,1,0,#000000,#000000
13,1,0,#000000,#000000
14,1,0,#000000,#000000
15,1,0,#000000,#000000
16,1,0,#000000,#000000
17,1,0,#000000,#000000
18,1,0,#000000,#000000
19,1,0,#000000,#000000
20,1,0,#000000,#000000
21,1,0,#000000,#000000
22,1,0,#000000,#000000
23,1,0,#000000,#000000
24,1,0,#000000,#000000
25,1,0,#000000,#000000
26,1,0,#000000,#000000
27,1,0,#000000,#000000
28,1,0,#000000,#000000
29,1,0,#000000,#000000
30,1,0,#000000,#000000
31,1,0,#000000,#000000
32,1,0,#000000,#000000
33,1,0,#000000,#000000
34,1,0,#000000,#000000
35,1,0,#000000,#000000
36,1,0,#000000,#000000
37,1,0,#000000,#000000
38,1,0,#000000,#000000
39,1,0,#000000,#000000
40,1,0,#000000,#000000
41,1,0,#000000,#000000
42,1,0,#000000,#000000
43,1,0,#000000,#000000
44,1,0,#000000,#000000
45,1,0,#000000,#000000
46,1,0,#000000,#000000
47,1,0,#000000,#000000
48,1,0,#000000,#000000
49,1,0,#000000,#000000
50,1,0,#000000,#000000
51,1,0,#000000,#000000
52,1,0,#000000,#000000
53,1,0,#000000,#000000
54,1,0,#000000,#000000
55,1,0,#000000,#000000
56,1,0,#000000,#000000
57,1,0,#000000,#000000
58,1,0,#000000,#000000
59,1,0,#000000,#000000
60,1,0,#000000,#000000
61,1,0,#000000,#000000
62,1,0,#000000,#000000
63,1,0,#000000,#000000
64,1,0,#000000,#000000
65,1,0,#000000,#000000
66,1,0,#000000,#000000
67,1,0,#000000,#000000
68,1,0,#000000,#000000
69,1,0,#000000,#000000
70,1,0,#000000,#000000
71,1,0,#000000,#000000
72,1,0,#000000,#000000
73,1,0,#000000,#000000
74,1,0,#000000,#000000
75,1,0,#000000,#000000
76,1,0,#000000,#000000
77,1,0,#000000,#000000
78,1,0,#000000,#000000
79,1,0,#000000,#000000
80,1,0,#000000,#000000
81,1,0,#000000,#000000
82,1,0,#000000,#000000
83,1,0,#000000,#000000
84,1,0,#000000,#000000
85,1,0,#000000,#000000
86,1,0,#000000,#000000
87,1,0,#000000,#000000
88,1,0,#000000,#000000
89,1,0,#000000,#000000
90,1,0,#000000,#000000
91,1,0,#000000,#000000
92,1,0,#000000,#000000
93,1,0,#000000,#000000
94,1,0,#000000,#000000
95,1,0,#000000,#000000
96,1,0,#000000,#000000
97,1,0,#000000,#000000
98,1,0,#000000,#000000
99,1,0,#000000,#000000
0,2,0,#000000,#000000
1,2,0,#000000,#000000
2,2,0,#000000,#000000
3,2,0,#000000,#000000
4,2,0,#000000,#000000
5,2,0,#000000,#000000
6,2,0,#000000,#000000
7,2,0,#000000,#000000
8,2,0,#000000,#000000
9,2,0,#000000,#000000
10,2,0,#000000,#000000
11,2,0,#000000,#000000
12,2,0,#000000,#000000
13,2,0,#000000,#000000
14,2,0,#000000,#000000
15,2,0,#000000,#000000
16,2,0,#000000,#000000
17,2,0,#000000,#000000
18,2,0,#000000,#000000
19,2,0,#000000,#000000
20,2,7,#FFFFFF,#000000
21,2,0,#000000,#000000
22,2,0,#000000,#000000
23,2,0,#000000,#000000
24,2,0,#000000,#000000
25,2,0,#000000,#000000
26,2,0,#000000,#000000
27,2,0,#000000,#000000
28,2,0,#000000,#000000
29,2,0,#000000,#000000
30,2,0,#000000,#000000
31,2,0,#000000,#000000
32,2,0,#000000,#000000
33,2,0,#000000,#000000
34,2,0,#000000,#000000
35,2,0,#000000,#000000
36,2,0,#000000,#000000
37,2,35,#FFFFFF,#000000
38,2,0,#000000,#000000
39,2,0,#000000,#000000
40,2,0,#000000,#000000
41,2,0,#000000,#000000
42,2,0,#000000,#000000
43,2,0,#000000,#000000
44,2,0,#000000,#000000
45,2,0,#000000,#000000
46,2,0,#000000,#000000
47,2,0,#000000,#000000
48,2,0,#000000,#000000
49,2,0,#000000,#000000
50,2,0,#000000,#000000
51,2,35,#FFFFFF,#000000
52,2,0,#000000,#000000
53,2,0,#000000,#000000
54,2,0,#000000,#000000
55,2,0,#000000,#000000
56,2,0,#000000,#000000
57,2,0,#000000,#000000
58,2,0,#000000,#000000
59,2,0,#000000,#000000
60,2,0,#000000,#000000
61,2,0,#000000,#000000
62,2,0,#000000,#000000
63,2,0,#000000,#000000
64,2,0,#000000,#000000
65,2,0,#000000,#000000
66,2,0,#000000,#000000
67,2,0,#000000,#000000
68,2,0,#000000,#000000
69,2,0,#000000,#000000
70,2,0,#000000,#000000
71,2,0,#000000,#000000
72,2,0,#000000,#000000
73,2,0,#000000,#000000
74,2,0,#000000,#000000
75,2,0,#000000,#000000
76,2,0,#000000,#000000
77,2,0,#000000,#000000
78,2,0,#000000,#000000
79,2,0,#000000,#000000
80,2,0,#000000,#000000
81,2,0,#000000,#000000
82,2,0,#000000,#000000
83,2,0,#FFFFFF,#000000
84,2,0,#FFFFFF,#000000
85,2,223,#FFFFFF,#000000
86,2,219,#FFFFFF,#000000
87,2,221,#FFFFFF,#000000
88,2,0,#000000,#000000
89,2,0,#000000,#000000
90,2,0,#000000,#000000
91,2,0,#000000,#000000
92,2,42,#FFFFFF,#000000
93,2,0,#000000,#000000
94,2,0,#000000,#000000
95,2,0,#000000,#000000
96,2,0,#000000,#000000
97,2,0,#000000,#000000
98,2,0,#000000,#000000
99,2,0,#000000,#000000
0,3,0,#000000,#000000
1,3,0,#000000,#000000
2,3,0,#000000,#000000
3,3,0,#000000,#000000
4,3,0,#000000,#000000
5,3,0,#000000,#000000
6,3,0,#000000,#000000
7,3,0,#000000,#000000
8,3,0,#000000,#000000
9,3,0,#000000,#000000
10,3,0,#000000,#000000
11,3,35,#FFFFFF,#000000
12,3,0,#000000,#000000
13,3,0,#000000,#000000
14,3,0,#000000,#000000
15,3,0,#000000,#000000
16,3,0,#000000,#000000
17,3,0,#000000,#000000
18,3,0,#000000,#000000
19,3,0,#000000,#000000
20,3,0,#000000,#000000
21,3,0,#000000,#000000
22,3,0,#000000,#000000
23,3,0,#000000,#000000
24,3,0,#000000,#000000
25,3,0,#000000,#000000
26,3,0,#000000,#000000
27,3,0,#000000,#000000
28,3,0,#000000,#000000
29,3,0,#000000,#000000
30,3,0,#000000,#000000
31,3,0,#000000,#000000
32,3,0,#000000,#000000
33,3,0,#000000,#000000
34,3,0,#000000,#000000
35,3,0,#000000,#000000
36,3,0,#000000,#000000
37,3,0,#000000,#000000
38,3,0,#000000,#000000
39,3,0,#000000,#000000
40,3,0,#000000,#000000
41,3,0,#000000,#000000
42,3,0,#000000,#000000
43,3,0,#000000,#000000
44,3,0,#000000,#000000
45,3,0,#000000,#000000
46,3,0,#000000,#000000
47,3,0,#000000,#000000
48,3,0,#000000,#000000
49,3,0,#000000,#000000
50,3,0,#000000,#000000
51,3,0,#000000,#000000
52,3,0,#000000,#000000
53,3,0,#000000,#000000
54,3,0,#000000,#000000
55,3,0,#000000,#000000
56,3,0,#000000,#000000
57,3,0,#000000,#000000
58,3,42,#FFFFFF,#000000
59,3,0,#000000,#000000
60,3,0,#000000,#000000
61,3,0,#000000,#000000
62,3,0,#000000,#000000
63,3,0,#000000,#000000
64,3,0,#000000,#000000
65,3,0,#000000,#000000
66,3,0,#000000,#000000
67,3,0,#000000,#000000
68,3,0,#000000,#000000
69,3,0,#000000,#000000
70,3,0,#000000,#000000
71,3,0,#000000,#000000
72,3,0,#000000,#000000
73,3,0,#000000,#000000
74,3,0,#000000,#000000
75,3,0,#000000,#000000
76,3,0,#000000,#000000
77,3,0,#000000,#000000
78,3,0,#000000,#000000
79,3,0,#000000,#000000
80,3,0,#000000,#000000
81,3,0,#000000,#000000
82,3,0,#000000,#000000
83,3,0,#FFFFFF,#000000
84,3,0,#FFFFFF,#000000
85,3,0,#FFFFFF,#000000
86,3,219,#FFFFFF,#000000
87,3,219,#FFFFFF,#000000
88,3,221,#FFFFFF,#000000
89,3,0,#000000,#000000
90,3,0,#000000,#000000
91,3,0,#000000,#000000
92,3,0,#000000,#000000
93,3,0,#000000,#000000
94,3,0,#000000,#000000
95,3,0,#000000,#000000
96,3,0,#000000,#000000
97,3,7,#FFFFFF,#000000
98,3,0,#000000,#000000
99,3,0,#000000,#000000
0,4,0,#000000,#000000
1,4,0,#000000,#000000
2,4,0,#000000,#000000
3,4,0,#000000,#000000
4,4,0,#000000,#000000
5,4,0,#000000,#000000
6,4,0,#000000,#000000
7,4,0,#000000,#000000
8,4,0,#000000,#000000
9,4,0,#000000,#000000
10,4,0,#000000,#000000
11,4,0,#000000,#000000
12,4,0,#000000,#000000
13,4,176,#9E9E9E,#000000
14,4,176,#9E9E9E,#000000
15,4,176,#9E9E9E,#000000
16,4,0,#000000,#000000
17,4,0,#000000,#000000
18,4,0,#000000,#000000
19,4,0,#000000,#000000
20,4,0,#000000,#000000
21,4,0,#000000,#000000
22,4,0,#000000,#000000
23,4,0,#000000,#000000
24,4,0,#000000,#000000
25,4,0,#000000,#000000
26,4,0,#000000,#000000
27,4,0,#000000,#000000
28,4,0,#000000,#000000
29,4,0,#000000,#000000
30,4,0,#000000,#000000
31,4,0,#000000,#000000
32,4,0,#000000,#000000
33,4,37,#FFFFFF,#000000
34,4,0,#000000,#000000
35,4,0,#000000,#000000
36,4,0,#000000,#000000
37,4,0,#000000,#000000
38,4,0,#000000,#000000
39,4,0,#000000,#000000
40,4,0,#000000,#000000
41,4,0,#000000,#000000
42,4,0,#000000,#000000
43,4,0,#000000,#000000
44,4,0,#000000,#000000
45,4,0,#000000,#000000
46,4,35,#FFFFFF,#000000
47,4,0,#000000,#000000
48,4,0,#000000,#000000
49,4,0,#000000,#000000
50,4,0,#000000,#000000
51,4,0,#000000,#000000
52,4,0,#000000,#000000
53,4,0,#000000,#000000
54,4,0,#000000,#000000
55,4,0,#000000,#000000
56,4,0,#000000,#000000
57,4,0,#000000,#000000
58,4,0,#000000,#000000
59,4,0,#000000,#000000
60,4,0,#000000,#000000
61,4,0,#000000,#000000
62,4,0,#000000,#000000
63,4,0,#000000,#000000
64,4,35,#FFFFFF,#000000
65,4,0,#000000,#000000
66,4,0,#000000,#000000
67,4,0,#000000,#000000
68,4,0,#000000,#000000
69,4,0,#000000,#000000
70,4,35,#FFFFFF,#000000
71,4,0,#000000,#000000
72,4,0,#000000,#000000
73,4,0,#000000,#000000
74,4,0,#000000,#000000
75,4,0,#000000,#000000
76,4,0,#000000,#000000
77,4,0,#000000,#000000
78,4,0,#000000,#000000
79,4,0,#000000,#000000
80,4,0,#000000,#000000
81,4,0,#000000,#000000
82,4,0,#000000,#000000
83,4,0,#000000,#000000
84,4,0,#FFFFFF,#000000
85,4,0,#FFFFFF,#000000
86,4,0,#FFFFFF,#000000
87,4,219,#FFFFFF,#000000
88,4,219,#FFFFFF,#000000
89,4,0,#000000,#000000
90,4,0,#000000,#000000
91,4,0,#000000,#000000
92,4,0,#000000,#000000
93,4,0,#000000,#000000
94,4,0,#000000,#000000
95,4,0,#000000,#000000
96,4,0,#000000,#000000
97,4,0,#000000,#000000
98,4,0,#000000,#000000
99,4,0,#000000,#000000
0,5,0,#000000,#000000
1,5,0,#000000,#000000
2,5,0,#000000,#000000
3,5,0,#000000,#000000
4,5,0,#000000,#000000
5,5,0,#000000,#000000
6,5,0,#000000,#000000
7,5,0,#000000,#000000
8,5,0,#000000,#000000
9,5,37,#FFFFFF,#000000
10,5,0,#000000,#000000
11,5,0,#000000,#000000
12,5,176,#9E9E9E,#000000
13,5,177,#9E9E9E,#000000
14,5,177,#9E9E9E,#000000
15,5,176,#9E9E9E,#000000
16,5,176,#9E9E9E,#000000
17,5,0,#000000,#000000
18,5,0,#000000,#000000
19,5,0,#000000,#000000
20,5,0,#000000,#000000
21,5,0,#000000,#000000
22,5,0,#000000,#000000
23,5,0,#000000,#000000
24,5,0,#000000,#000000
25,5,34,#FFFFFF,#000000
26,5,0,#000000,#000000
27,5,0,#000000,#000000
28,5,0,#000000,#000000
29,5,0,#000000,#000000
30,5,0,#000000,#000000
31,5,0,#000000,#000000
32,5,0,#000000,#000000
33,5,0,#000000,#000000
34,5,176,#9E9E9E,#000000
35,5,0,#000000,#000000
36,5,0,#000000,#000000
37,5,0,#000000,#000000
38,5,0,#000000,#000000
39,5,0,#000000,#000000
40,5,0,#000000,#000000
41,5,0,#000000,#000000
42,5,0,#000000,#000000
43,5,42,#FFFFFF,#000000
44,5,0,#000000,#000000
45,5,0,#000000,#000000
46,5,0,#000000,#000000
47,5,0,#000000,#000000
48,5,0,#000000,#000000
49,5,0,#000000,#000000
50,5,0,#000000,#000000
51,5,0,#000000,#000000
52,5,0,#000000,#000000
53,5,0,#000000,#000000
54,5,0,#000000,#000000
55,5,0,#000000,#000000
56,5,0,#000000,#000000
57,5,0,#000000,#000000
58,5,0,#000000,#000000
59,5,0,#000000,#000000
60,5,0,#000000,#000000
61,5,0,#000000,#000000
62,5,0,#000000,#000000
63,5,0,#000000,#000000
64,5,0,#000000,#000000
65,5,0,#000000,#000000
66,5,0,#000000,#000000
67,5,0,#000000,#000000
68,5,0,#000000,#000000
69,5,0,#000000,#000000
70,5,0,#000000,#000000
71,5,0,#000000,#000000
72,5,0,#000000,#000000
73,5,0,#000000,#000000
74,5,0,#000000,#000000
75,5,0,#000000,#000000
76,5,0,#000000,#000000
77,5,0,#000000,#000000
78,5,0,#000000,#000000
79,5,0,#000000,#000000
80,5,0,#000000,#000000
81,5,42,#FFFFFF,#000000
82,5,0,#000000,#000000
83,5,0,#000000,#000000
84,5,176,#9E9E9E,#000000
85,5,176,#9E9E9E,#000000
86,5,0,#FFFFFF,#000000
87,5,219,#FFFFFF,#000000
88,5,219,#FFFFFF,#000000
89,5,0,#000000,#000000
90,5,0,#000000,#000000
91,5,0,#000000,#000000
92,5,176,#9E9E9E,#000000
93,5,0,#000000,#000000
94,5,0,#000000,#000000
95,5,0,#000000,#000000
96,5,0,#000000,#000000
97,5,0,#000000,#000000
98,5,0,#000000,#000000
99,5,0,#000000,#000000
0,6,0,#000000,#000000
1,6,0,#000000,#000000
2,6,37,#FFFFFF,#000000
3,6,0,#000000,#000000
4,6,0,#000000,#000000
5,6,0,#000000,#000000
6,6,0,#000000,#000000
7,6,0,#000000,#000000
8,6,0,#000000,#000000
9,6,0,#000000,#000000
10,6,0,#000000,#000000
11,6,0,#000000,#000000
12,6,0,#000000,#000000
13,6,176,#9E9E9E,#000000
14,6,176,#9E9E9E,#000000
15,6,0,#000000,#000000
16,6,0,#000000,#000000
17,6,0,#000000,#000000
18,6,0,#000000,#000000
19,6,0,#000000,#000000
20,6,0,#000000,#000000
21,6,0,#000000,#000000
22,6,0,#000000,#000000
23,6,0,#000000,#000000
24,6,0,#000000,#000000
25,6,0,#000000,#000000
26,6,0,#000000,#000000
27,6,0,#000000,#000000
28,6,0,#000000,#000000
29,6,0,#000000,#000000
30,6,0,#000000,#000000
31,6,0,#000000,#000000
32,6,176,#9E9E9E,#000000
33,6,176,#9E9E9E,#000000
34,6,176,#9E9E9E,#000000
35,6,177,#9E9E9E,#000000
36,6,176,#9E9E9E,#000000
37,6,176,#9E9E9E,#000000
38,6,176,#9E9E9E,#000000
39,6,0,#000000,#000000
40,6,0,#000000,#000000
41,6,0,#000000,#000000
42,6,0,#000000,#000000
43,6,0,#000000,#000000
44,6,0,#000000,#000000
45,6,0,#000000,#000000
46,6,0,#000000,#000000
47,6,0,#000000,#000000
48,6,0,#000000,#000000
49,6,0,#000000,#000000
50,6,0,#000000,#000000
51,6,0,#000000,#000000
52,6,0,#000000,#000000
53,6,0,#000000,#000000
54,6,0,#000000,#000000
55,6,0,#000000,#000000
56,6,0,#000000,#000000
57,6,0,#000000,#000000
58,6,0,#000000,#000000
59,6,0,#000000,#000000
60,6,0,#000000,#000000
61,6,0,#000000,#000000
62,6,0,#000000,#000000
63,6,0,#000000,#000000
64,6,0,#000000,#000000
65,6,0,#000000,#000000
66,6,0,#000000,#000000
67,6,0,#000000,#000000
68,6,0,#000000,#000000
69,6,0,#000000,#000000
70,6,0,#000000,#000000
71,6,0,#000000,#000000
72,6,0,#000000,#000000
73,6,0,#000000,#000000
74,6,0,#000000,#000000
75,6,0,#000000,#000000
76,6,0,#000000,#000000
77,6,0,#000000,#000000
78,6,0,#000000,#000000
79,6,0,#000000,#000000
80,6,0,#000000,#000000
81,6,176,#9E9E9E,#000000
82,6,176,#9E9E9E,#000000
83,6,0,#9E9E9E,#000000
84,6,176,#9E9E9E,#000000
85,6,176,#9E9E9E,#000000
86,6,176,#9E9E9E,#000000
87,6,176,#9E9E9E,#000000
88,6,176,#9E9E9E,#000000
89,6,176,#9E9E9E,#000000
90,6,176,#9E9E9E,#000000
91,6,176,#9E9E9E,#000000
92,6,176,#9E9E9E,#000000
93,6,0,#000000,#000000
94,6,0,#000000,#000000
95,6,0,#000000,#000000
96,6,0,#000000,#000000
97,6,0,#000000,#000000
98,6,0,#000000,#000000
99,6,0,#000000,#000000
0,7,0,#000000,#000000
1,7,0,#000000,#000000
2,7,0,#000000,#000000
3,7,0,#000000,#000000
4,7,0,#000000,#000000
5,7,0,#000000,#000000
6,7,0,#000000,#000000
7,7,0,#000000,#000000
8,7,0,#000000,#000000
9,7,0,#000000,#000000
10,7,0,#000000,#000000
11,7,0,#000000,#000000
12,7,0,#000000,#000000
13,7,0,#000000,#000000
14,7,0,#000000,#000000
15,7,0,#000000,#000000
16,7,0,#000000,#000000
17,7,0,#000000,#000000
18,7,0,#000000,#000000
19,7,0,#000000,#000000
20,7,0,#000000,#000000
21,7,0,#000000,#000000
22,7,0,#000000,#000000
23,7,0,#000000,#000000
24,7,0,#000000,#000000
25,7,0,#000000,#000000
26,7,0,#000000,#000000
27,7,0,#000000,#000000
28,7,0,#000000,#000000
29,7,0,#000000,#000000
30,7,176,#9E9E9E,#000000
31,7,176,#9E9E9E,#000000
32,7,176,#9E9E9E,#000000
33,7,177,#9E9E9E,#000000
34,7,177,#9E9E9E,#000000
35,7,177,#9E9E9E,#000000
36,7,176,#9E9E9E,#000000
37,7,176,#9E9E9E,#000000
38,7,176,#9E9E9E,#000000
39,7,7,#FFFFFF,#000000
40,7,0,#000000,#000000
41,7,0,#000000,#000000
42,7,0,#000000,#000000
43,7,0,#000000,#000000
44,7,0,#000000,#000000
45,7,0,#000000,#000000
46,7,0,#000000,#000000
47,7,0,#000000,#000000
48,7,0,#000000,#000000
49,7,0,#000000,#000000
50,7,0,#000000,#000000
51,7,0,#000000,#000000
52,7,0,#000000,#000000
53,7,0,#000000,#000000
54,7,0,#000000,#000000
55,7,0,#000000,#000000
56,7,0,#000000,#000000
57,7,0,#000000,#000000
58,7,7,#FFFFFF,#000000
59,7,0,#000000,#000000
60,7,0,#000000,#000000
61,7,0,#000000,#000000
62,7,0,#000000,#000000
63,7,0,#000000,#000000
64,7,0,#000000,#000000
65,7,0,#000000,#000000
66,7,0,#000000,#000000
67,7,0,#000000,#000000
68,7,0,#000000,#000000
69,7,0,#000000,#000000
70,7,37,#FFFFFF,#000000
71,7,0,#000000,#000000
72,7,0,#000000,#000000
73,7,0,#000000,#000000
74,7,0,#000000,#000000
75,7,0,#000000,#000000
76,7,0,#000000,#000000
77,7,0,#000000,#000000
78,7,0,#000000,#000000
79,7,0,#000000,#000000
80,7,176,#9E9E9E,#000000
81,7,176,#9E9E9E,#000000
82,7,176,#9E9E9E,#000000
83,7,176,#9E9E9E,#000000
84,7,176,#9E9E9E,#000000
85,7,176,#9E9E9E,#000000
86,7,176,#9E9E9E,#000000
87,7,176,#9E9E9E,#000000
88,7,176,#9E9E9E,#000000
89,7,176,#9E9E9E,#000000
90,7,176,#9E9E9E,#000000
91,7,176,#9E9E9E,#000000
92,7,176,#9E9E9E,#000000
93,7,176,#9E9E9E,#000000
94,7,176,#9E9E9E,#000000
95,7,0,#000000,#000000
96,7,0,#000000,#000000
97,7,0,#000000,#000000
98,7,0,#000000,#000000
99,7,0,#000000,#000000
0,8,0,#000000,#000000
1,8,0,#000000,#000000
2,8,0,#000000,#000000
3,8,0,#000000,#000000
4,8,0,#000000,#000000
5,8,0,#000000,#000000
6,8,0,#000000,#000000
7,8,0,#000000,#000000
8,8,0,#000000,#000000
9,8,0,#000000,#000000
10,8,35,#FFFFFF,#000000
11,8,0,#000000,#000000
12,8,0,#000000,#000000
13,8,0,#000000,#000000
14,8,0,#000000,#000000
15,8,0,#000000,#000000
16,8,0,#000000,#000000
17,8,7,#FFFFFF,#000000
18,8,0,#000000,#000000
19,8,0,#000000,#000000
20,8,0,#000000,#000000
21,8,0,#000000,#000000
22,8,0,#000000,#000000
23,8,0,#000000,#000000
24,8,0,#000000,#000000
25,8,0,#000000,#000000
26,8,0,#000000,#000000
27,8,0,#000000,#000000
28,8,0,#000000,#000000
29,8,0,#000000,#000000
30,8,0,#000000,#000000
31,8,0,#000000,#000000
32,8,0,#000000,#000000
33,8,176,#9E9E9E,#000000
34,8,176,#9E9E9E,#000000
35,8,176,#9E9E9E,#000000
36,8,0,#000000,#000000
37,8,0,#000000,#000000
38,8,0,#000000,#000000
39,8,0,#000000,#000000
40,8,0,#000000,#000000
41,8,0,#000000,#000000
42,8,0,#000000,#000000
43,8,0,#000000,#000000
44,8,0,#000000,#000000
45,8,0,#000000,#000000
46,8,0,#000000,#000000
47,8,0,#000000,#000000
48,8,0,#000000,#000000
49,8,0,#000000,#000000
50,8,0,#000000,#000000
51,8,0,#000000,#000000
52,8,0,#000000,#000000
53,8,0,#000000,#000000
54,8,0,#000000,#000000
55,8,0,#000000,#000000
56,8,0,#000000,#000000
57,8,0,#000000,#000000
58,8,0,#000000,#000000
59,8,0,#000000,#000000
60,8,0,#000000,#000000
61,8,0,#000000,#000000
62,8,0,#000000,#000000
63,8,0,#000000,#000000
64,8,0,#000000,#000000
65,8,0,#000000,#000000
66,8,0,#000000,#000000
67,8,0,#000000,#000000
68,8,0,#000000,#000000
69,8,0,#000000,#000000
70,8,0,#000000,#000000
71,8,0,#000000,#000000
72,8,0,#000000,#000000
73,8,0,#000000,#000000
74,8,0,#000000,#000000
75,8,0,#000000,#000000
76,8,0,#000000,#000000
77,8,0,#000000,#000000
78,8,0,#000000,#000000
79,8,0,#000000,#000000
80,8,0,#000000,#000000
81,8,0,#000000,#000000
82,8,0,#000000,#000000
83,8,176,#9E9E9E,#000000
84,8,176,#9E9E9E,#000000
85,8,176,#9E9E9E,#000000
86,8,0,#FFFFFF,#000000
87,8,219,#FFFFFF,#000000
88,8,219,#FFFFFF,#000000
89,8,0,#000000,#000000
90,8,0,#000000,#000000
91,8,176,#9E9E9E,#000000
92,8,0,#000000,#000000
93,8,42,#FFFFFF,#000000
94,8,0,#000000,#000000
95,8,0,#000000,#000000
96,8,0,#000000,#000000
97,8,0,#000000,#000000
98,8,0,#000000,#000000
99,8,0,#000000,#000000
0,9,0,#000000,#000000
1,9,0,#000000,#000000
2,9,0,#000000,#000000
3,9,0,#000000,#000000
4,9,0,#000000,#000000
5,9,0,#000000,#000000
6,9,0,#000000,#000000
7,9,0,#000000,#000000
8,9,0,#000000,#000000
9,9,0,#000000,#000000
10,9,0,#000000,#000000
11,9,0,#000000,#000000
12,9,0,#000000,#000000
13,9,0,#000000,#000000
14,9,0,#000000,#000000
15,9,0,#000000,#000000
16,9,0,#000000,#000000
17,9,0,#000000,#000000
18,9,0,#000000,#000000
19,9,0,#000000,#000000
20,9,0,#000000,#000000
21,9,0,#000000,#000000
22,9,0,#000000,#000000
23,9,0,#000000,#000000
24,9,37,#FFFFFF,#000000
25,9,0,#000000,#000000
26,9,0,#000000,#000000
27,9,0,#000000,#000000
28,9,0,#000000,#000000
29,9,42,#FFFFFF,#000000
30,9,0,#000000,#000000
31,9,0,#000000,#000000
32,9,0,#000000,#000000
33,9,0,#000000,#000000
34,9,0,#000000,#000000
35,9,0,#000000,#000000
36,9,0,#000000,#000000
37,9,0,#000000,#000000
38,9,0,#000000,#000000
39,9,0,#000000,#000000
40,9,0,#000000,#000000
41,9,0,#000000,#000000
42,9,0,#000000,#000000
43,9,0,#000000,#000000
44,9,0,#000000,#000000
45,9,0,#000000,#000000
46,9,0,#000000,#000000
47,9,0,#000000,#000000
48,9,0,#000000,#000000
49,9,0,#000000,#000000
50,9,0,#000000,#000000
51,9,0,#000000,#000000
52,9,37,#FFFFFF,#000000
53,9,0,#000000,#000000
54,9,0,#000000,#000000
55,9,0,#000000,#000000
56,9,0,#000000,#000000
57,9,0,#000000,#000000
58,9,176,#9E9E9E,#000000
59,9,176,#9E9E9E,#000000
60,9,0,#000000,#000000
61,9,0,#000000,#000000
62,9,0,#000000,#000000
63,9,42,#FFFFFF,#000000
64,9,0,#000000,#000000
65,9,0,#000000,#000000
66,9,0,#000000,#000000
67,9,0,#000000,#000000
68,9,0,#000000,#000000
69,9,0,#000000,#000000
70,9,0,#000000,#000000
71,9,0,#000000,#000000
72,9,0,#000000,#000000
73,9,0,#000000,#000000
74,9,0,#000000,#000000
75,9,0,#000000,#000000
76,9,0,#000000,#000000
77,9,0,#000000,#000000
78,9,0,#000000,#000000
79,9,0,#000000,#000000
80,9,0,#000000,#000000
81,9,0,#000000,#000000
82,9,0,#000000,#000000
83,9,0,#000000,#000000
84,9,0,#000000,#000000
85,9,0,#FFFFFF,#000000
86,9,219,#FFFFFF,#000000
87,9,219,#FFFFFF,#000000
88,9,221,#FFFFFF,#000000
89,9,0,#000000,#000000
90,9,0,#000000,#000000
91,9,0,#000000,#000000
92,9,0,#000000,#000000
93,9,0,#000000,#000000
94,9,0,#000000,#000000
95,9,0,#000000,#000000
96,9,0,#000000,#000000
97,9,0,#000000,#000000
98,9,0,#000000,#000000
99,9,0,#000000,#000000
0,10,0,#000000,#000000
1,10,0,#000000,#000000
2,10,0,#000000,#000000
3,10,0,#000000,#000000
4,10,0,#000000,#000000
5,10,0,#000000,#000000
6,10,0,#000000,#000000
7,10,0,#000000,#000000
8,10,0,#000000,#000000
9,10,0,#000000,#000000
10,10,0,#000000,#000000
11,10,0,#000000,#000000
12,10,0,#000000,#000000
13,10,0,#000000,#000000
14,10,0,#000000,#000000
15,10,0,#000000,#000000
16,10,0,#000000,#000000
17,10,0,#000000,#000000
18,10,0,#000000,#000000
19,10,0,#000000,#000000
20,10,0,#000000,#000000
21,10,0,#000000,#000000
22,10,0,#000000,#000000
23,10,0,#000000,#000000
24,10,0,#000000,#000000
25,10,0,#000000,#000000
26,10,0,#000000,#000000
27,10,0,#000000,#000000
28,10,0,#000000,#000000
29,10,0,#000000,#000000
30,10,0,#000000,#000000
31,10,0,#000000,#000000
32,10,0,#000000,#000000
33,10,0,#000000,#000000
34,10,0,#000000,#000000
35,10,0,#000000,#000000
36,10,0,#000000,#000000
37,10,0,#000000,#000000
38,10,0,#000000,#000000
39,10,0,#000000,#000000
40,10,0,#000000,#000000
41,10,0,#000000,#000000
42,10,0,#000000,#000000
43,10,0,#000000,#000000
44,10,0,#000000,#000000
45,10,0,#000000,#000000
46,10,0,#000000,#000000
47,10,0,#000000,#000000
48,10,0,#000000,#000000
49,10,0,#000000,#000000
50,10,0,#000000,#000000
51,10,0,#000000,#000000
52,10,0,#000000,#000000
53,10,0,#000000,#000000
54,10,0,#000000,#000000
55,10,0,#000000,#000000
56,10,0,#000000,#000000
57,10,176,#9E9E9E,#000000
58,10,177,#9E9E9E,#000000
59,10,177,#9E9E9E,#000000
60,10,176,#9E9E9E,#000000
61,10,0,#000000,#000000
62,10,0,#000000,#000000
63,10,0,#000000,#000000
64,10,0,#000000,#000000
65,10,0,#000000,#000000
66,10,0,#000000,#000000
67,10,0,#000000,#000000
68,10,0,#000000,#000000
69,10,0,#000000,#000000
70,10,0,#000000,#000000
71,10,0,#000000,#000000
72,10,0,#000000,#000000
73,10,42,#FFFFFF,#000000
74,10,0,#000000,#000000
75,10,0,#000000,#000000
76,10,0,#000000,#000000
77,10,0,#000000,#000000
78,10,0,#000000,#000000
79,10,0,#000000,#000000
80,10,0,#000000,#000000
81,10,0,#000000,#000000
82,10,0,#000000,#000000
83,10,0,#000000,#000000
84,10,0,#000000,#000000
85,10,220,#FFFFFF,#000000
86,10,219,#FFFFFF,#000000
87,10,221,#FFFFFF,#000000
88,10,0,#000000,#000000
89,10,0,#000000,#000000
90,10,0,#000000,#000000
91,10,0,#000000,#000000
92,10,0,#000000,#000000
93,10,0,#000000,#000000
94,10,0,#000000,#000000
95,10,0,#000000,#000000
96,10,0,#000000,#000000
97,10,0,#000000,#000000
98,10,0,#000000,#000000
99,10,0,#000000,#000000
0,11,0,#000000,#000000
1,11,0,#000000,#000000
2,11,0,#000000,#000000
3,11,0,#000000,#000000
4,11,0,#000000,#000000
5,11,0,#000000,#000000
6,11,0,#000000,#000000
7,11,0,#000000,#000000
8,11,0,#000000,#000000
9,11,0,#000000,#000000
10,11,0,#000000,#000000
11,11,0,#000000,#000000
12,11,0,#000000,#000000
13,11,0,#000000,#000000
14,11,0,#000000,#000000
15,11,0,#000000,#000000
16,11,0,#000000,#000000
17,11,0,#000000,#000000
18,11,0,#000000,#000000
19,11,0,#000000,#000000
20,11,0,#000000,#000000
21,11,0,#000000,#000000
22,11,0,#000000,#000000
23,11,0,#000000,#000000
24,11,0,#000000,#000000
25,11,0,#000000,#000000
26,11,0,#000000,#000000
27,11,0,#000000,#000000
28,11,0,#000000,#000000
29,11,0,#000000,#000000
30,11,0,#000000,#000000
31,11,0,#000000,#000000
32,11,0,#000000,#000000
33,11,0,#000000,#000000
34,11,0,#000000,#000000
35,11,0,#000000,#000000
36,11,0,#000000,#000000
37,11,0,#000000,#000000
38,11,0,#000000,#000000
39,11,0,#000000,#000000
40,11,0,#000000,#000000
41,11,0,#000000,#000000
42,11,0,#000000,#000000
43,11,0,#000000,#000000
44,11,0,#000000,#000000
45,11,0,#000000,#000000
46,11,0,#000000,#000000
47,11,0,#000000,#000000
48,11,0,#000000,#000000
49,11,0,#000000,#000000
50,11,0,#000000,#000000
51,11,0,#000000,#000000
52,11,0,#000000,#000000
53,11,0,#000000,#000000
54,11,0,#000000,#000000
55,11,0,#000000,#000000
56,11,0,#000000,#000000
57,11,0,#000000,#000000
58,11,176,#9E9E9E,#000000
59,11,176,#9E9E9E,#000000
60,11,176,#9E9E9E,#000000
61,11,176,#9E9E9E,#000000
62,11,0,#000000,#000000
63,11,0,#000000,#000000
64,11,6,#FFFF66,#004020
65,11,0,#000000,#000000
66,11,0,#000000,#000000
67,11,0,#000000,#000000
68,11,0,#000000,#000000
69,11,0,#000000,#000000
70,11,0,#000000,#000000
71,11,0,#000000,#000000
72,11,0,#000000,#000000
73,11,0,#000000,#000000
74,11,0,#000000,#000000
75,11,0,#000000,#000000
76,11,0,#000000,#000000
77,11,0,#000000,#000000
78,11,0,#000000,#000000
79,11,0,#000000,#000000
80,11,0,#000000,#000000
81,11,0,#000000,#000000
82,11,0,#000000,#000000
83,11,0,#000000,#000000
84,11,0,#000000,#000000
85,11,0,#FFFFFF,#000000
86,11,0,#FFFFFF,#000000
87,11,0,#000000,#000000
88,11,0,#000000,#000000
89,11,0,#000000,#000000
90,11,0,#000000,#000000
91,11,0,#000000,#000000
92,11,0,#000000,#000000
93,11,0,#000000,#000000
94,11,0,#000000,#000000
95,11,0,#000000,#000000
96,11,0,#000000,#000000
97,11,0,#000000,#000000
98,11,0,#000000,#000000
99,11,0,#000000,#000000
0,12,0,#000000,#000000
1,12,0,#000000,#000000
2,12,0,#000000,#000000
3,12,0,#000000,#000000
4,12,0,#000000,#000000
5,12,0,#000000,#000000
6,12,0,#000000,#000000
7,12,0,#000000,#000000
8,12,0,#000000,#000000
9,12,0,#000000,#000000
10,12,0,#000000,#000000
11,12,0,#000000,#000000
12,12,0,#000000,#000000
13,12,0,#000000,#000000
14,12,0,#000000,#000000
15,12,0,#000000,#000000
16,12,37,#FFFFFF,#000000
17,12,0,#000000,#000000
18,12,0,#000000,#000000
19,12,0,#000000,#000000
20,12,0,#000000,#000000
21,12,0,#000000,#000000
22,12,0,#000000,#000000
23,12,0,#000000,#000000
24,12,0,#000000,#000000
25,12,0,#000000,#000000
26,12,0,#000000,#000000
27,12,0,#000000,#000000
28,12,0,#000000,#000000
29,12,0,#000000,#000000
30,12,0,#000000,#000000
31,12,0,#000000,#000000
32,12,0,#000000,#000000
33,12,0,#000000,#000000
34,12,0,#000000,#000000
35,12,37,#FFFFFF,#000000
36,12,0,#000000,#000000
37,12,0,#000000,#000000
38,12,0,#000000,#000000
39,12,0,#000000,#000000
40,12,0,#000000,#000000
41,12,0,#000000,#000000
42,12,0,#000000,#000000
43,12,0,#000000,#000000
44,12,42,#FFFFFF,#000000
45,12,0,#000000,#000000
46,12,0,#000000,#000000
47,12,0,#000000,#000000
48,12,0,#000000,#000000
49,12,0,#000000,#000000
50,12,0,#000000,#000000
51,12,0,#000000,#000000
52,12,0,#000000,#000000
53,12,0,#000000,#000000
54,12,0,#000000,#000000
55,12,0,#000000,#000000
56,12,0,#000000,#000000
57,12,0,#000000,#000000
58,12,0,#000000,#000000
59,12,0,#000000,#000000
60,12,0,#000000,#000000
61,12,0,#000000,#000000
62,12,0,#000000,#000000
63,12,0,#000000,#000000
64,12,176,#004020,#000000
65,12,0,#FFFFFF,#000000
66,12,0,#000000,#000000
67,12,0,#000000,#000000
68,12,0,#000000,#000000
69,12,0,#000000,#000000
70,12,0,#000000,#000000
71,12,0,#000000,#000000
72,12,0,#000000,#000000
73,12,0,#000000,#000000
74,12,0,#33291A,#000000
75,12,0,#000000,#000000
76,12,0,#000000,#000000
77,12,0,#000000,#000000
78,12,0,#000000,#000000
79,12,0,#000000,#000000
80,12,0,#000000,#000000
81,12,42,#FFFFFF,#000000
82,12,0,#000000,#000000
83,12,0,#FFFFFF,#000000
84,12,0,#FFFFFF,#000000
85,12,0,#FFFFFF,#000000
86,12,0,#000000,#000000
87,12,0,#000000,#000000
88,12,0,#000000,#000000
89,12,0,#000000,#000000
90,12,0,#000000,#000000
91,12,0,#000000,#000000
92,12,0,#000000,#000000
93,12,0,#000000,#000000
94,12,0,#000000,#000000
95,12,0,#000000,#000000
96,12,0,#000000,#000000
97,12,0,#000000,#000000
98,12,0,#000000,#000000
99,12,0,#000000,#000000
0,13,0,#000000,#000000
1,13,0,#000000,#000000
2,13,0,#000000,#000000
3,13,0,#000000,#000000
4,13,37,#FFFFFF,#000000
5,13,0,#000000,#000000
6,13,0,#000000,#000000
7,13,7,#FFFFFF,#000000
8,13,0,#000000,#000000
9,13,0,#000000,#000000
10,13,0,#000000,#000000
11,13,0,#000000,#000000
12,13,0,#000000,#000000
13,13,0,#000000,#000000
14,13,0,#000000,#000000
15,13,0,#000000,#000000
16,13,0,#000000,#000000
17,13,0,#000000,#000000
18,13,0,#000000,#000000
19,13,0,#000000,#000000
20,13,0,#000000,#000000
21,13,0,#000000,#000000
22,13,0,#000000,#000000
23,13,0,#000000,#000000
24,13,0,#000000,#000000
25,13,0,#000000,#000000
26,13,0,#000000,#000000
27,13,0,#000000,#000000
28,13,0,#000000,#000000
29,13,0,#000000,#000000
30,13,0,#000000,#000000
31,13,0,#000000,#000000
32,13,0,#000000,#000000
33,13,0,#000000,#000000
34,13,0,#000000,#000000
35,13,0,#000000,#000000
36,13,0,#000000,#000000
37,13,0,#000000,#000000
38,13,0,#000000,#000000
39,13,0,#000000,#000000
40,13,0,#000000,#000000
41,13,0,#000000,#000000
42,13,0,#000000,#000000
43,13,0,#000000,#000000
44,13,0,#000000,#000000
45,13,0,#000000,#000000
46,13,0,#000000,#000000
47,13,0,#000000,#000000
48,13,0,#000000,#000000
49,13,0,#000000,#000000
50,13,0,#000000,#000000
51,13,0,#000000,#000000
52,13,0,#000000,#000000
53,13,0,#000000,#000000
54,13,0,#000000,#000000
55,13,0,#000000,#000000
56,13,37,#FFFFFF,#000000
57,13,0,#000000,#000000
58,13,0,#000000,#000000
59,13,0,#000000,#000000
60,13,0,#000000,#000000
61,13,0,#000000,#000000
62,13,0,#000000,#000000
63,13,0,#000000,#000000
64,13,176,#004020,#000000
65,13,0,#FFFFFF,#000000
66,13,0,#FFFFFF,#000000
67,13,0,#000000,#000000
68,13,0,#000000,#000000
69,13,37,#FFFFFF,#000000
70,13,0,#000000,#000000
71,13,0,#000000,#000000
72,13,0,#000000,#000000
73,13,0,#000000,#000000
74,13,0,#000000,#000000
75,13,0,#000000,#000000
76,13,0,#000000,#000000
77,13,0,#000000,#000000
78,13,0,#000000,#000000
79,13,0,#000000,#000000
80,13,0,#000000,#000000
81,13,0,#000000,#000000
82,13,0,#000000,#000000
83,13,0,#000000,#000000
84,13,0,#000000,#000000
85,13,0,#000000,#000000
86,13,0,#000000,#000000
87,13,0,#000000,#000000
88,13,0,#000000,#000000
89,13,0,#000000,#000000
90,13,0,#000000,#000000
91,13,0,#000000,#000000
92,13,0,#000000,#000000
93,13,0,#000000,#000000
94,13,0,#000000,#000000
95,13,0,#000000,#000000
96,13,0,#000000,#000000
97,13,0,#000000,#000000
98,13,0,#000000,#000000
99,13,0,#000000,#000000
0,14,0,#000000,#000000
1,14,0,#000000,#000000
2,14,0,#000000,#000000
3,14,0,#000000,#000000
4,14,0,#000000,#000000
5,14,0,#000000,#000000
6,14,0,#000000,#000000
7,14,0,#000000,#000000
8,14,0,#000000,#000000
9,14,0,#000000,#000000
10,14,0,#000000,#000000
11,14,0,#000000,#000000
12,14,0,#000000,#000000
13,14,0,#000000,#000000
14,14,0,#000000,#000000
15,14,0,#000000,#000000
16,14,0,#000000,#000000
17,14,0,#000000,#000000
18,14,0,#000000,#000000
19,14,0,#000000,#000000
20,14,0,#000000,#000000
21,14,0,#000000,#000000
22,14,0,#000000,#000000
23,14,0,#000000,#000000
24,14,0,#000000,#000000
25,14,7,#FFFFFF,#000000
26,14,0,#000000,#000000
27,14,0,#000000,#000000
28,14,0,#000000,#000000
29,14,0,#000000,#000000
30,14,0,#000000,#000000
31,14,0,#000000,#000000
32,14,0,#000000,#000000
33,14,0,#000000,#000000
34,14,0,#000000,#000000
35,14,0,#000000,#000000
36,14,0,#000000,#000000
37,14,0,#000000,#000000
38,14,0,#000000,#000000
39,14,0,#000000,#000000
40,14,0,#000000,#000000
41,14,0,#000000,#000000
42,14,0,#000000,#000000
43,14,0,#000000,#000000
44,14,0,#000000,#000000
45,14,0,#000000,#000000
46,14,0,#000000,#000000
47,14,0,#000000,#000000
48,14,0,#000000,#000000
49,14,0,#000000,#000000
50,14,0,#000000,#000000
51,14,0,#000000,#000000
52,14,35,#FFFFFF,#000000
53,14,0,#000000,#000000
54,14,0,#000000,#000000
55,14,0,#000000,#000000
56,14,0,#000000,#000000
57,14,0,#000000,#000000
58,14,0,#000000,#000000
59,14,0,#000000,#000000
60,14,0,#000000,#000000
61,14,0,#000000,#000000
62,14,0,#000000,#000000
63,14,0,#000000,#000000
64,14,176,#004020,#000000
65,14,176,#004020,#000000
66,14,0,#FFFFFF,#000000
67,14,0,#000000,#000000
68,14,0,#000000,#000000
69,14,0,#000000,#000000
70,14,0,#000000,#000000
71,14,0,#000000,#000000
72,14,0,#000000,#000000
73,14,0,#000000,#000000
74,14,0,#000000,#000000
75,14,0,#000000,#000000
76,14,0,#000000,#000000
77,14,0,#000000,#000000
78,14,0,#000000,#000000
79,14,0,#000000,#000000
80,14,0,#000000,#000000
81,14,0,#000000,#000000
82,14,0,#000000,#000000
83,14,0,#000000,#000000
84,14,0,#000000,#000000
85,14,0,#000000,#000000
86,14,0,#000000,#000000
87,14,0,#000000,#000000
88,14,0,#000000,#000000
89,14,0,#000000,#000000
90,14,0,#000000,#000000
91,14,0,#000000,#000000
92,14,0,#000000,#000000
93,14,0,#000000,#000000
94,14,0,#000000,#000000
95,14,0,#000000,#000000
96,14,0,#000000,#000000
97,14,0,#000000,#000000
98,14,0,#000000,#000000
99,14,0,#000000,#000000
0,15,0,#000000,#000000
1,15,0,#000000,#000000
2,15,0,#000000,#000000
3,15,0,#000000,#000000
4,15,0,#000000,#000000
5,15,0,#000000,#000000
6,15,0,#000000,#000000
7,15,0,#000000,#000000
8,15,0,#000000,#000000
9,15,0,#000000,#000000
10,15,0,#000000,#000000
11,15,0,#000000,#000000
12,15,0,#000000,#000000
13,15,0,#000000,#000000
14,15,176,#204000,#000000
15,15,176,#204000,#000000
16,15,176,#204000,#000000
17,15,0,#000000,#000000
18,15,176,#204000,#000000
19,15,176,#204000,#000000
20,15,0,#000000,#000000
21,15,0,#000000,#000000
22,15,0,#000000,#000000
23,15,0,#000000,#000000
24,15,0,#000000,#000000
25,15,0,#000000,#000000
26,15,0,#000000,#000000
27,15,0,#000000,#000000
28,15,0,#000000,#000000
29,15,0,#000000,#000000
30,15,0,#000000,#000000
31,15,0,#000000,#000000
32,15,0,#000000,#000000
33,15,0,#000000,#000000
34,15,0,#000000,#000000
35,15,0,#000000,#000000
36,15,0,#000000,#000000
37,15,0,#000000,#000000
38,15,0,#000000,#000000
39,15,0,#000000,#000000
40,15,0,#000000,#000000
41,15,0,#000000,#000000
42,15,0,#000000,#000000
43,15,0,#000000,#000000
44,15,0,#000000,#000000
45,15,0,#000000,#000000
46,15,0,#000000,#000000
47,15,0,#000000,#000000
48,15,0,#000000,#000000
49,15,0,#000000,#000000
50,15,0,#000000,#000000
51,15,0,#000000,#000000
52,15,0,#000000,#000000
53,15,0,#000000,#000000
54,15,0,#000000,#000000
55,15,0,#000000,#000000
56,15,0,#000000,#000000
57,15,0,#000000,#000000
58,15,0,#000000,#000000
59,15,0,#000000,#000000
60,15,0,#000000,#000000
61,15,0,#000000,#000000
62,15,0,#000000,#000000
63,15,176,#004020,#000000
64,15,176,#004020,#000000
65,15,176,#004020,#000000
66,15,0,#000000,#000000
67,15,0,#000000,#000000
68,15,0,#000000,#000000
69,15,0,#000000,#000000
70,15,0,#000000,#000000
71,15,0,#000000,#000000
72,15,0,#000000,#000000
73,15,0,#000000,#000000
74,15,0,#000000,#000000
75,15,0,#000000,#000000
76,15,0,#000000,#000000
77,15,0,#000000,#000000
78,15,0,#000000,#000000
79,15,0,#000000,#000000
80,15,0,#000000,#000000
81,15,0,#000000,#000000
82,15,0,#000000,#000000
83,15,0,#000000,#000000
84,15,0,#000000,#000000
85,15,0,#000000,#000000
86,15,0,#000000,#000000
87,15,0,#000000,#000000
88,15,0,#000000,#000000
89,15,0,#000000,#000000
90,15,0,#000000,#000000
91,15,0,#000000,#000000
92,15,0,#000000,#000000
93,15,0,#000000,#000000
94,15,0,#000000,#000000
95,15,0,#000000,#000000
96,15,42,#FFFFFF,#000000
97,15,0,#000000,#000000
98,15,0,#000000,#000000
99,15,0,#000000,#000000
0,16,0,#000000,#000000
1,16,0,#000000,#000000
2,16,0,#000000,#000000
3,16,0,#000000,#000000
4,16,0,#000000,#000000
5,16,0,#000000,#000000
6,16,0,#000000,#000000
7,16,0,#000000,#000000
8,16,0,#000000,#000000
9,16,0,#000000,#000000
10,16,0,#000000,#000000
11,16,0,#000000,#000000
12,16,0,#000000,#000000
13,16,0,#000000,#000000
14,16,176,#204000,#000000
15,16,176,#204000,#000000
16,16,178,#204000,#000000
17,16,178,#204000,#000000
18,16,178,#204000,#000000
19,16,178,#204000,#000000
20,16,0,#000000,#000000
21,16,0,#000000,#000000
22,16,0,#000000,#000000
23,16,0,#000000,#000000
24,16,0,#000000,#000000
25,16,0,#000000,#000000
26,16,0,#000000,#000000
27,16,0,#000000,#000000
28,16,0,#000000,#000000
29,16,0,#000000,#000000
30,16,0,#000000,#000000
31,16,0,#000000,#000000
32,16,0,#000000,#000000
33,16,0,#000000,#000000
34,16,0,#000000,#000000
35,16,0,#000000,#000000
36,16,0,#000000,#000000
37,16,0,#000000,#000000
38,16,0,#000000,#000000
39,16,0,#000000,#000000
40,16,0,#000000,#000000
41,16,0,#000000,#000000
42,16,0,#000000,#000000
43,16,0,#000000,#000000
44,16,0,#000000,#000000
45,16,0,#000000,#000000
46,16,0,#000000,#000000
47,16,0,#000000,#000000
48,16,0,#000000,#000000
49,16,0,#000000,#000000
50,16,0,#000000,#000000
51,16,0,#000000,#000000
52,16,0,#000000,#000000
53,16,0,#000000,#000000
54,16,0,#000000,#000000
55,16,0,#000000,#000000
56,16,0,#000000,#000000
57,16,0,#000000,#000000
58,16,0,#000000,#000000
59,16,0,#000000,#000000
60,16,0,#000000,#000000
61,16,0,#000000,#000000
62,16,0,#000000,#000000
63,16,176,#004020,#000000
64,16,176,#004020,#000000
65,16,177,#004020,#000000
66,16,176,#004020,#000000
67,16,0,#000000,#000000
68,16,0,#000000,#000000
69,16,0,#000000,#000000
70,16,0,#000000,#000000
71,16,0,#000000,#000000
72,16,0,#000000,#000000
73,16,0,#000000,#000000
74,16,0,#000000,#000000
75,16,0,#000000,#000000
76,16,0,#000000,#000000
77,16,0,#000000,#000000
78,16,0,#000000,#000000
79,16,0,#000000,#000000
80,16,0,#000000,#000000
81,16,0,#000000,#000000
82,16,0,#000000,#000000
83,16,0,#000000,#000000
84,16,0,#000000,#000000
85,16,0,#000000,#000000
86,16,0,#000000,#000000
87,16,0,#000000,#000000
88,16,0,#000000,#000000
89,16,0,#000000,#000000
90,16,0,#000000,#000000
91,16,37,#FFFFFF,#000000
92,16,0,#000000,#000000
93,16,0,#000000,#000000
94,16,0,#000000,#000000
95,16,0,#000000,#000000
96,16,0,#000000,#000000
97,16,0,#000000,#000000
98,16,0,#000000,#000000
99,16,0,#000000,#000000
0,17,0,#000000,#000000
1,17,0,#000000,#000000
2,17,176,#004020,#000000
3,17,176,#004020,#000000
4,17,0,#000000,#000000
5,17,0,#000000,#000000
6,17,176,#004020,#000000
7,17,176,#004020,#000000
8,17,0,#000000,#000000
9,17,0,#000000,#000000
10,17,0,#000000,#000000
11,17,0,#000000,#000000
12,17,0,#000000,#000000
13,17,0,#000000,#000000
14,17,178,#204000,#000000
15,17,176,#204000,#000000
16,17,178,#204000,#000000
17,17,176,#204000,#000000
18,17,178,#204000,#000000
19,17,178,#204000,#000000
20,17,176,#204000,#000000
21,17,0,#000000,#000000
22,17,0,#000000,#000000
23,17,0,#000000,#000000
24,17,0,#000000,#000000
25,17,0,#000000,#000000
26,17,0,#000000,#000000
27,17,0,#000000,#000000
28,17,0,#000000,#000000
29,17,0,#000000,#000000
30,17,0,#000000,#000000
31,17,0,#000000,#000000
32,17,0,#000000,#000000
33,17,0,#000000,#000000
34,17,0,#000000,#000000
35,17,0,#000000,#000000
36,17,0,#000000,#000000
37,17,0,#000000,#000000
38,17,0,#000000,#000000
39,17,0,#000000,#000000
40,17,0,#000000,#000000
41,17,0,#000000,#000000
42,17,0,#000000,#000000
43,17,0,#000000,#000000
44,17,0,#000000,#000000
45,17,0,#000000,#000000
46,17,0,#000000,#000000
47,17,0,#000000,#000000
48,17,0,#000000,#000000
49,17,0,#000000,#000000
50,17,0,#000000,#000000
51,17,0,#000000,#000000
52,17,0,#000000,#000000
53,17,0,#000000,#000000
54,17,0,#000000,#000000
55,17,0,#000000,#000000
56,17,0,#000000,#000000
57,17,0,#000000,#000000
58,17,0,#000000,#000000
59,17,0,#000000,#000000
60,17,0,#000000,#000000
61,17,0,#000000,#000000
62,17,0,#000000,#000000
63,17,176,#004020,#000000
64,17,177,#004020,#000000
65,17,177,#004020,#000000
66,17,176,#004020,#000000
67,17,0,#000000,#000000
68,17,0,#000000,#000000
69,17,0,#000000,#000000
70,17,0,#000000,#000000
71,17,0,#000000,#000000
72,17,0,#000000,#000000
73,17,0,#000000,#000000
74,17,0,#000000,#000000
75,17,0,#000000,#000000
76,17,0,#000000,#000000
77,17,0,#000000,#000000
78,17,0,#000000,#000000
79,17,0,#000000,#000000
80,17,0,#000000,#000000
81,17,0,#000000,#000000
82,17,0,#000000,#000000
83,17,0,#000000,#000000
84,17,0,#000000,#000000
85,17,0,#000000,#000000
86,17,0,#000000,#000000
87,17,0,#000000,#000000
88,17,0,#000000,#000000
89,17,0,#000000,#000000
90,17,0,#000000,#000000
91,17,0,#000000,#000000
92,17,0,#000000,#000000
93,17,0,#000000,#000000
94,17,0,#000000,#000000
95,17,0,#000000,#000000
96,17,0,#000000,#000000
97,17,0,#000000,#000000
98,17,0,#000000,#000000
99,17,0,#000000,#000000
0,18,0,#000000,#000000
1,18,176,#004020,#000000
2,18,176,#004020,#000000
3,18,176,#004020,#000000
4,18,176,#004020,#000000
5,18,176,#004020,#000000
6,18,176,#004020,#000000
7,18,176,#004020,#000000
8,18,176,#004020,#000000
9,18,178,#004020,#000000
10,18,176,#204000,#000000
11,18,176,#204000,#000000
12,18,176,#204000,#000000
13,18,176,#204000,#000000
14,18,178,#204000,#000000
15,18,176,#204000,#000000
16,18,178,#204000,#000000
17,18,178,#204000,#000000
18,18,176,#204000,#000000
19,18,176,#006600,#000000
20,18,176,#006600,#000000
21,18,176,#204000,#000000
22,18,0,#000000,#000000
23,18,0,#000000,#000000
24,18,0,#000000,#000000
25,18,0,#000000,#000000
26,18,176,#004020,#000000
27,18,0,#000000,#000000
28,18,0,#000000,#000000
29,18,0,#000000,#000000
30,18,176,#006600,#000000
31,18,0,#000000,#000000
32,18,176,#004020,#000000
33,18,0,#000000,#000000
34,18,0,#000000,#000000
35,18,0,#000000,#000000
36,18,0,#000000,#000000
37,18,0,#000000,#000000
38,18,0,#000000,#000000
39,18,0,#000000,#000000
40,18,0,#000000,#000000
41,18,0,#000000,#000000
42,18,0,#000000,#000000
43,18,0,#000000,#000000
44,18,0,#000000,#000000
45,18,0,#000000,#000000
46,18,0,#000000,#000000
47,18,0,#000000,#000000
48,18,0,#000000,#000000
49,18,0,#000000,#000000
50,18,0,#000000,#000000
51,18,0,#000000,#000000
52,18,0,#000000,#000000
53,18,0,#000000,#000000
54,18,0,#000000,#000000
55,18,0,#000000,#000000
56,18,0,#000000,#000000
57,18,0,#000000,#000000
58,18,0,#000000,#000000
59,18,0,#000000,#000000
60,18,0,#000000,#000000
61,18,0,#000000,#000000
62,18,0,#000000,#000000
63,18,176,#004020,#000000
64,18,177,#004020,#000000
65,18,177,#004020,#000000
66,18,176,#004020,#000000
67,18,0,#000000,#000000
68,18,0,#000000,#000000
69,18,0,#000000,#000000
70,18,0,#000000,#000000
71,18,0,#000000,#000000
72,18,0,#000000,#000000
73,18,0,#000000,#000000
74,18,0,#000000,#000000
75,18,0,#000000,#000000
76,18,0,#000000,#000000
77,18,0,#000000,#000000
78,18,0,#000000,#000000
79,18,0,#000000,#000000
80,18,0,#000000,#000000
81,18,0,#000000,#000000
82,18,0,#000000,#000000
83,18,0,#000000,#000000
84,18,0,#000000,#000000
85,18,0,#000000,#000000
86,18,0,#000000,#000000
87,18,0,#000000,#000000
88,18,0,#000000,#000000
89,18,0,#000000,#000000
90,18,0,#000000,#000000
91,18,0,#000000,#000000
92,18,0,#000000,#000000
93,18,0,#000000,#000000
94,18,0,#000000,#000000
95,18,0,#000000,#000000
96,18,0,#000000,#000000
97,18,0,#000000,#000000
98,18,0,#000000,#000000
99,18,0,#000000,#000000
0,19,0,#000000,#000000
1,19,176,#004020,#000000
2,19,177,#004020,#000000
3,19,178,#004020,#000000
4,19,178,#004020,#000000
5,19,177,#004020,#000000
6,19,177,#004020,#000000
7,19,177,#004020,#000000
8,19,177,#004020,#000000
9,19,176,#004020,#000000
10,19,176,#204000,#000000
11,19,178,#204000,#000000
12,19,176,#204000,#000000
13,19,177,#204000,#000000
14,19,178,#204000,#000000
15,19,178,#204000,#000000
16,19,176,#204000,#000000
17,19,176,#204000,#000000
18,19,178,#204000,#000000
19,19,178,#204000,#000000
20,19,176,#006600,#000000
21,19,176,#204000,#000000
22,19,0,#000000,#000000
23,19,0,#000000,#000000
24,19,0,#000000,#000000
25,19,176,#004020,#000000
26,19,176,#004020,#000000
27,19,0,#000000,#000000
28,19,0,#000000,#000000
29,19,176,#006600,#000000
30,19,176,#006600,#000000
31,19,0,#000000,#000000
32,19,176,#004020,#000000
33,19,176,#004020,#000000
34,19,176,#004020,#000000
35,19,0,#000000,#000000
36,19,0,#000000,#000000
37,19,0,#000000,#000000
38,19,0,#000000,#000000
39,19,0,#000000,#000000
40,19,0,#000000,#000000
41,19,0,#000000,#000000
42,19,0,#000000,#000000
43,19,0,#000000,#000000
44,19,0,#000000,#000000
45,19,0,#000000,#000000
46,19,0,#000000,#000000
47,19,0,#000000,#000000
48,19,0,#000000,#000000
49,19,0,#000000,#000000
50,19,0,#000000,#000000
51,19,0,#000000,#000000
52,19,0,#000000,#000000
53,19,0,#000000,#000000
54,19,0,#000000,#000000
55,19,0,#000000,#000000
56,19,0,#000000,#000000
57,19,0,#000000,#000000
58,19,0,#000000,#000000
59,19,0,#000000,#000000
60,19,0,#000000,#000000
61,19,0,#000000,#000000
62,19,0,#000000,#000000
63,19,176,#004020,#000000
64,19,177,#004020,#000000
65,19,177,#004020,#000000
66,19,176,#004020,#000000
67,19,0,#000000,#000000
68,19,0,#000000,#000000
69,19,0,#000000,#000000
70,19,0,#000000,#000000
71,19,0,#000000,#000000
72,19,0,#000000,#000000
73,19,0,#000000,#000000
74,19,0,#000000,#000000
75,19,0,#000000,#000000
76,19,0,#000000,#000000
77,19,0,#000000,#000000
78,19,0,#000000,#000000
79,19,0,#000000,#000000
80,19,0,#000000,#000000
81,19,0,#000000,#000000
82,19,0,#000000,#000000
83,19,0,#000000,#000000
84,19,0,#000000,#000000
85,19,0,#000000,#000000
86,19,0,#000000,#000000
87,19,0,#000000,#000000
88,19,0,#000000,#000000
89,19,0,#000000,#000000
90,19,0,#000000,#000000
91,19,0,#000000,#000000
92,19,0,#000000,#000000
93,19,0,#000000,#000000
94,19,0,#000000,#000000
95,19,0,#000000,#000000
96,19,0,#000000,#000000
97,19,0,#000000,#000000
98,19,0,#000000,#000000
99,19,0,#000000,#000000
0,20,0,#000000,#000000
1,20,0,#000000,#000000
2,20,176,#004020,#000000
3,20,32,#000000,#000000
4,20,176,#004020,#000000
5,20,176,#004020,#000000
6,20,176,#004020,#000000
7,20,32,#000000,#000000
8,20,32,#000000,#000000
9,20,176,#006600,#000000
10,20,176,#006600,#000000
11,20,178,#204000,#000000
12,20,178,#204000,#000000
13,20,176,#204000,#000000
14,20,0,#204000,#000000
15,20,177,#204000,#000000
16,20,177,#204000,#000000
17,20,177,#204000,#000000
18,20,178,#204000,#000000
19,20,177,#204000,#000000
20,20,177,#204000,#000000
21,20,176,#204000,#000000
22,20,176,#004020,#000000
23,20,176,#004020,#000000
24,20,176,#004020,#000000
25,20,176,#004020,#000000
26,20,176,#004020,#000000
27,20,176,#004020,#000000
28,20,176,#006600,#000000
29,20,176,#006600,#000000
30,20,176,#006600,#000000
31,20,176,#006600,#000000
32,20,176,#004020,#000000
33,20,176,#004020,#000000
34,20,176,#004020,#000000
35,20,176,#004020,#000000
36,20,0,#000000,#000000
37,20,176,#004020,#000000
38,20,0,#000000,#000000
39,20,0,#000000,#000000
40,20,0,#000000,#000000
41,20,0,#000000,#000000
42,20,0,#000000,#000000
43,20,0,#000000,#000000
44,20,0,#000000,#000000
45,20,0,#000000,#000000
46,20,0,#000000,#000000
47,20,0,#000000,#000000
48,20,176,#666666,#000000
49,20,0,#000000,#000000
50,20,0,#000000,#000000
51,20,0,#000000,#000000
52,20,0,#000000,#000000
53,20,0,#000000,#000000
54,20,0,#000000,#000000
55,20,0,#000000,#000000
56,20,0,#000000,#000000
57,20,0,#000000,#000000
58,20,0,#000000,#000000
59,20,0,#000000,#000000
60,20,0,#000000,#000000
61,20,0,#000000,#000000
62,20,0,#000000,#000000
63,20,176,#004020,#000000
64,20,177,#004020,#000000
65,20,177,#004020,#000000
66,20,176,#004020,#000000
67,20,176,#004020,#000000
68,20,0,#000000,#000000
69,20,0,#000000,#000000
70,20,0,#000000,#000000
71,20,0,#000000,#000000
72,20,0,#000000,#000000
73,20,0,#000000,#000000
74,20,0,#000000,#000000
75,20,0,#000000,#000000
76,20,0,#000000,#000000
77,20,0,#000000,#000000
78,20,0,#000000,#000000
79,20,0,#000000,#000000
80,20,0,#000000,#000000
81,20,0,#000000,#000000
82,20,0,#000000,#000000
83,20,0,#000000,#000000
84,20,0,#000000,#000000
85,20,0,#000000,#000000
86,20,0,#000000,#000000
87,20,0,#000000,#000000
88,20,0,#000000,#000000
89,20,0,#000000,#000000
90,20,0,#000000,#000000
91,20,0,#000000,#000000
92,20,0,#000000,#000000
93,20,0,#000000,#000000
94,20,0,#000000,#000000
95,20,0,#000000,#000000
96,20,0,#000000,#000000
97,20,0,#000000,#000000
98,20,0,#000000,#000000
99,20,0,#000000,#000000
0,21,0,#000000,#000000
1,21,196,#304000,#000000
2,21,179,#33291A,#000000
3,21,196,#304000,#000000
4,21,179,#33291A,#000000
5,21,196,#304000,#000000
6,21,179,#33291A,#000000
7,21,196,#304000,#000000
8,21,176,#204000,#000000
9,21,176,#204000,#000000
10,21,178,#204000,#000000
11,21,177,#204000,#000000
12,21,177,#204000,#000000
13,21,178,#204000,#000000
14,21,178,#204000,#000000
15,21,196,#304000,#000000
16,21,186,#4D3D26,#000000
17,21,186,#4D3D26,#000000
18,21,178,#204000,#000000
19,21,196,#304000,#000000
20,21,176,#204000,#000000
21,21,196,#304000,#000000
22,21,196,#304000,#000000
23,21,176,#004020,#000000
24,21,176,#004020,#000000
25,21,176,#004020,#000000
26,21,196,#304000,#000000
27,21,176,#004020,#000000
28,21,178,#006600,#000000
29,21,178,#006600,#000000
30,21,177,#006600,#000000
31,21,176,#006600,#000000
32,21,178,#004020,#000000
33,21,176,#004020,#000000
34,21,176,#004020,#000000
35,21,176,#004020,#000000
36,21,176,#004020,#000000
37,21,176,#004020,#000000
38,21,176,#004020,#000000
39,21,176,#004020,#000000
40,21,196,#304000,#000000
41,21,196,#304000,#000000
42,21,196,#304000,#000000
43,21,196,#304000,#000000
44,21,196,#304000,#000000
45,21,196,#304000,#000000
46,21,196,#304000,#000000
47,21,196,#304000,#000000
48,21,176,#666666,#000000
49,21,196,#304000,#000000
50,21,196,#304000,#000000
51,21,196,#304000,#000000
52,21,196,#304000,#000000
53,21,196,#304000,#000000
54,21,196,#304000,#000000
55,21,196,#304000,#000000
56,21,196,#304000,#000000
57,21,196,#304000,#000000
58,21,196,#304000,#000000
59,21,196,#304000,#000000
60,21,196,#304000,#000000
61,21,196,#304000,#000000
62,21,176,#004020,#000000
63,21,42,#8C2300,#000000
64,21,177,#004020,#000000
65,21,177,#004020,#000000
66,21,178,#004020,#000000
67,21,42,#B2002D,#000000
68,21,196,#304000,#000000
69,21,196,#304000,#000000
70,21,196,#304000,#000000
71,21,196,#304000,#000000
72,21,196,#304000,#000000
73,21,196,#304000,#000000
74,21,196,#304000,#000000
75,21,196,#304000,#000000
76,21,196,#304000,#000000
77,21,196,#304000,#000000
78,21,196,#304000,#000000
79,21,196,#304000,#000000
80,21,196,#304000,#000000
81,21,196,#304000,#000000
82,21,196,#304000,#000000
83,21,196,#304000,#000000
84,21,196,#304000,#000000
85,21,196,#304000,#000000
86,21,196,#304000,#000000
87,21,196,#304000,#000000
88,21,196,#304000,#000000
89,21,196,#304000,#000000
90,21,196,#304000,#000000
91,21,196,#304000,#000000
92,21,196,#304000,#000000
93,21,196,#304000,#000000
94,21,196,#304000,#000000
95,21,196,#304000,#000000
96,21,196,#304000,#000000
97,21,196,#304000,#000000
98,21,196,#304000,#000000
99,21,0,#000000,#000000
0,22,0,#000000,#000000
1,22,0,#000000,#000000
2,22,0,#000000,#000000
3,22,0,#000000,#000000
4,22,0,#000000,#000000
5,22,0,#000000,#000000
6,22,0,#000000,#000000
7,22,176,#204000,#000000
8,22,176,#204000,#000000
9,22,176,#006600,#000000
10,22,177,#204000,#000000
11,22,176,#204000,#000000
12,22,176,#204000,#000000
13,22,177,#204000,#000000
14,22,178,#204000,#000000
15,22,176,#204000,#000000
16,22,186,#4D3D26,#000000
17,22,186,#4D3D26,#000000
18,22,0,#000000,#000000
19,22,0,#000000,#000000
20,22,176,#204000,#000000
21,22,0,#204000,#000000
22,22,0,#000000,#000000
23,22,176,#004020,#000000
24,22,179,#33291A,#000000
25,22,0,#000000,#000000
26,22,0,#000000,#000000
27,22,178,#006600,#000000
28,22,178,#006600,#000000
29,22,177,#006600,#000000
30,22,178,#006600,#000000
31,22,177,#006600,#000000
32,22,176,#006600,#000000
33,22,0,#000000,#000000
34,22,179,#33291A,#000000
35,22,179,#33291A,#000000
36,22,0,#000000,#000000
37,22,179,#33291A,#000000
38,22,0,#000000,#000000
39,22,0,#000000,#000000
40,22,0,#000000,#000000
41,22,0,#000000,#000000
42,22,0,#000000,#000000
43,22,0,#000000,#000000
44,22,0,#000000,#000000
45,22,0,#000000,#000000
46,22,0,#000000,#000000
47,22,0,#000000,#000000
48,22,0,#666666,#000000
49,22,176,#666666,#000000
50,22,0,#000000,#000000
51,22,0,#000000,#000000
52,22,0,#000000,#000000
53,22,0,#000000,#000000
54,22,0,#000000,#000000
55,22,0,#000000,#000000
56,22,0,#000000,#000000
57,22,0,#000000,#000000
58,22,0,#000000,#000000
59,22,0,#000000,#000000
60,22,0,#000000,#000000
61,22,0,#000000,#000000
62,22,176,#004020,#000000
63,22,176,#004020,#000000
64,22,177,#004020,#000000
65,22,42,#3333FF,#000000
66,22,176,#004020,#000000
67,22,176,#004020,#000000
68,22,0,#000000,#000000
69,22,0,#000000,#000000
70,22,0,#000000,#000000
71,22,0,#000000,#000000
72,22,0,#000000,#000000
73,22,0,#000000,#000000
74,22,0,#000000,#000000
75,22,0,#000000,#000000
76,22,0,#000000,#000000
77,22,0,#000000,#000000
78,22,0,#000000,#000000
79,22,0,#000000,#000000
80,22,0,#000000,#000000
81,22,0,#000000,#000000
82,22,0,#000000,#000000
83,22,0,#000000,#000000
84,22,0,#000000,#000000
85,22,0,#000000,#000000
86,22,0,#000000,#000000
87,22,0,#000000,#000000
88,22,0,#000000,#000000
89,22,0,#000000,#000000
90,22,0,#000000,#000000
91,22,0,#000000,#000000
92,22,0,#000000,#000000
93,22,0,#000000,#000000
94,22,0,#000000,#000000
95,22,0,#000000,#000000
96,22,0,#000000,#000000
97,22,0,#000000,#000000
98,22,0,#000000,#000000
99,22,0,#000000,#000000
0,23,0,#000000,#000000
1,23,0,#000000,#000000
2,23,0,#000000,#000000
3,23,0,#000000,#000000
4,23,0,#000000,#000000
5,23,0,#000000,#000000
6,23,0,#000000,#000000
7,23,176,#204000,#000000
8,23,32,#000000,#000000
9,23,178,#204000,#000000
10,23,176,#204000,#000000
11,23,177,#204000,#000000
12,23,177,#204000,#000000
13,23,177,#204000,#000000
14,23,178,#204000,#000000
15,23,176,#204000,#000000
16,23,186,#4D3D26,#000000
17,23,186,#4D3D26,#000000
18,23,0,#000000,#000000
19,23,0,#000000,#000000
20,23,0,#000000,#000000
21,23,0,#204000,#000000
22,23,0,#000000,#000000
23,23,0,#000000,#000000
24,23,0,#000000,#000000
25,23,0,#000000,#000000
26,23,0,#000000,#000000
27,23,176,#006600,#000000
28,23,176,#006600,#000000
29,23,178,#006600,#000000
30,23,178,#006600,#000000
31,23,178,#006600,#000000
32,23,176,#006600,#000000
33,23,0,#000000,#000000
34,23,0,#000000,#000000
35,23,0,#000000,#000000
36,23,0,#000000,#000000
37,23,0,#000000,#000000
38,23,0,#000000,#000000
39,23,0,#000000,#000000
40,23,0,#000000,#000000
41,23,0,#000000,#000000
42,23,0,#000000,#000000
43,23,0,#000000,#000000
44,23,0,#000000,#000000
45,23,0,#000000,#000000
46,23,0,#000000,#000000
47,23,0,#000000,#000000
48,23,176,#666666,#000000
49,23,176,#666666,#000000
50,23,0,#000000,#000000
51,23,0,#000000,#000000
52,23,0,#000000,#000000
53,23,0,#000000,#000000
54,23,0,#000000,#000000
55,23,0,#000000,#000000
56,23,0,#000000,#000000
57,23,0,#000000,#000000
58,23,0,#000000,#000000
59,23,0,#000000,#000000
60,23,0,#000000,#000000
61,23,0,#000000,#000000
62,23,176,#004020,#000000
63,23,176,#004020,#000000
64,23,177,#004020,#000000
65,23,177,#004020,#000000
66,23,178,#004020,#000000
67,23,176,#004020,#000000
68,23,0,#000000,#000000
69,23,0,#000000,#000000
70,23,0,#000000,#000000
71,23,0,#000000,#000000
72,23,0,#000000,#000000
73,23,0,#000000,#000000
74,23,0,#000000,#000000
75,23,0,#000000,#000000
76,23,0,#000000,#000000
77,23,0,#000000,#000000
78,23,0,#000000,#000000
79,23,0,#000000,#000000
80,23,0,#000000,#000000
81,23,0,#000000,#000000
82,23,0,#000000,#000000
83,23,0,#000000,#000000
84,23,0,#000000,#000000
85,23,0,#000000,#000000
86,23,0,#000000,#000000
87,23,0,#000000,#000000
88,23,0,#000000,#000000
89,23,0,#000000,#000000
90,23,0,#000000,#000000
91,23,0,#000000,#000000
92,23,0,#000000,#000000
93,23,0,#000000,#000000
94,23,0,#000000,#000000
95,23,0,#000000,#000000
96,23,0,#000000,#000000
97,23,0,#000000,#000000
98,23,0,#000000,#000000
99,23,0,#000000,#000000
0,24,0,#000000,#000000
1,24,0,#000000,#000000
2,24,0,#000000,#000000
3,24,0,#000000,#000000
4,24,0,#000000,#000000
5,24,0,#000000,#000000
6,24,0,#000000,#000000
7,24,176,#204000,#000000
8,24,178,#204000,#000000
9,24,177,#204000,#000000
10,24,176,#204000,#000000
11,24,177,#204000,#000000
12,24,177,#204000,#000000
13,24,177,#204000,#000000
14,24,177,#204000,#000000
15,24,176,#204000,#000000
16,24,186,#4D3D26,#000000
17,24,186,#4D3D26,#000000
18,24,0,#000000,#000000
19,24,0,#000000,#000000
20,24,0,#000000,#000000
21,24,0,#000000,#000000
22,24,0,#000000,#000000
23,24,0,#000000,#000000
24,24,0,#000000,#000000
25,24,0,#000000,#000000
26,24,0,#000000,#000000
27,24,176,#006600,#000000
28,24,176,#006600,#000000
29,24,177,#006600,#000000
30,24,178,#006600,#000000
31,24,178,#006600,#000000
32,24,178,#006600,#000000
33,24,176,#006600,#000000
34,24,0,#000000,#000000
35,24,0,#000000,#000000
36,24,0,#000000,#000000
37,24,0,#000000,#000000
38,24,0,#000000,#000000
39,24,0,#000000,#000000
40,24,0,#000000,#000000
41,24,0,#000000,#000000
42,24,0,#000000,#000000
43,24,0,#000000,#000000
44,24,0,#000000,#000000
45,24,0,#000000,#000000
46,24,0,#000000,#000000
47,24,0,#000000,#000000
48,24,176,#666666,#000000
49,24,0,#4D4D4D,#000000
50,24,0,#000000,#000000
51,24,0,#000000,#000000
52,24,0,#000000,#000000
53,24,0,#000000,#000000
54,24,0,#000000,#000000
55,24,0,#000000,#000000
56,24,0,#000000,#000000
57,24,0,#000000,#000000
58,24,0,#000000,#000000
59,24,0,#000000,#000000
60,24,0,#000000,#000000
61,24,176,#004020,#000000
62,24,176,#004020,#000000
63,24,177,#004020,#000000
64,24,177,#004020,#000000
65,24,177,#004020,#000000
66,24,177,#004020,#000000
67,24,176,#004020,#000000
68,24,176,#004020,#000000
69,24,0,#000000,#000000
70,24,0,#000000,#000000
71,24,0,#000000,#000000
72,24,0,#000000,#000000
73,24,0,#000000,#000000
74,24,0,#000000,#000000
75,24,0,#000000,#000000
76,24,0,#000000,#000000
77,24,0,#000000,#000000
78,24,0,#000000,#000000
79,24,0,#000000,#000000
80,24,0,#000000,#000000
81,24,0,#000000,#000000
82,24,0,#000000,#000000
83,24,0,#000000,#000000
84,24,0,#000000,#000000
85,24,0,#000000,#000000
86,24,0,#000000,#000000
87,24,0,#000000,#000000
88,24,0,#000000,#000000
89,24,0,#000000,#000000
90,24,0,#000000,#000000
91,24,0,#000000,#000000
92,24,0,#000000,#000000
93,24,0,#000000,#000000
94,24,0,#000000,#000000
95,24,0,#000000,#000000
96,24,0,#000000,#000000
97,24,0,#000000,#000000
98,24,0,#000000,#000000
99,24,0,#000000,#000000
0,25,0,#000000,#000000
1,25,0,#000000,#000000
2,25,0,#000000,#000000
3,25,0,#000000,#000000
4,25,0,#000000,#000000
5,25,0,#000000,#000000
6,25,0,#000000,#000000
7,25,176,#204000,#000000
8,25,178,#204000,#000000
9,25,177,#204000,#000000
10,25,178,#204000,#000000
11,25,176,#204000,#000000
12,25,176,#204000,#000000
13,25,177,#204000,#000000
14,25,177,#204000,#000000
15,25,176,#204000,#000000
16,25,186,#4D3D26,#000000
17,25,186,#4D3D26,#000000
18,25,0,#000000,#000000
19,25,0,#000000,#000000
20,25,0,#000000,#000000
21,25,0,#000000,#000000
22,25,0,#000000,#000000
23,25,0,#000000,#000000
24,25,0,#000000,#000000
25,25,0,#000000,#000000
26,25,0,#000000,#000000
27,25,176,#006600,#000000
28,25,177,#006600,#000000
29,25,178,#006600,#000000
30,25,178,#006600,#000000
31,25,177,#006600,#000000
32,25,178,#006600,#000000
33,25,176,#006600,#000000
34,25,176,#006600,#000000
35,25,0,#000000,#000000
36,25,0,#000000,#000000
37,25,0,#000000,#000000
38,25,0,#000000,#000000
39,25,0,#000000,#000000
40,25,0,#000000,#000000
41,25,46,#004020,#000000
42,25,0,#000000,#000000
43,25,0,#000000,#000000
44,25,0,#000000,#000000
45,25,0,#000000,#000000
46,25,0,#000000,#000000
47,25,176,#666666,#000000
48,25,176,#666666,#000000
49,25,0,#4D4D4D,#000000
50,25,0,#000000,#000000
51,25,0,#000000,#000000
52,25,0,#000000,#000000
53,25,0,#000000,#000000
54,25,0,#000000,#000000
55,25,0,#000000,#000000
56,25,0,#000000,#000000
57,25,0,#000000,#000000
58,25,0,#000000,#000000
59,25,0,#000000,#000000
60,25,0,#000000,#000000
61,25,178,#004020,#000000
62,25,7,#FF4000,#000000
63,25,177,#004020,#000000
64,25,177,#004020,#000000
65,25,177,#004020,#000000
66,25,177,#004020,#000000
67,25,176,#004020,#000000
68,25,176,#004020,#000000
69,25,0,#000000,#000000
70,25,0,#000000,#000000
71,25,0,#000000,#000000
72,25,0,#000000,#000000
73,25,0,#000000,#000000
74,25,0,#000000,#000000
75,25,0,#000000,#000000
76,25,0,#000000,#000000
77,25,0,#000000,#000000
78,25,0,#000000,#000000
79,25,0,#000000,#000000
80,25,0,#000000,#000000
81,25,0,#000000,#000000
82,25,0,#000000,#000000
83,25,0,#000000,#000000
84,25,0,#000000,#000000
85,25,0,#000000,#000000
86,25,178,#003040,#000000
87,25,0,#000000,#000000
88,25,0,#000000,#000000
89,25,0,#000000,#000000
90,25,0,#000000,#000000
91,25,0,#000000,#000000
92,25,0,#000000,#000000
93,25,0,#000000,#000000
94,25,0,#000000,#000000
95,25,0,#000000,#000000
96,25,0,#000000,#000000
97,25,0,#000000,#000000
98,25,0,#000000,#000000
99,25,0,#000000,#000000
0,26,0,#000000,#000000
1,26,0,#000000,#000000
2,26,0,#000000,#000000
3,26,0,#000000,#000000
4,26,0,#000000,#000000
5,26,0,#000000,#000000
6,26,0,#000000,#000000
7,26,176,#204000,#000000
8,26,176,#204000,#000000
9,26,176,#006600,#000000
10,26,176,#204000,#000000
11,26,178,#204000,#000000
12,26,178,#204000,#000000
13,26,178,#204000,#000000
14,26,176,#006600,#000000
15,26,176,#204000,#000000
16,26,186,#4D3D26,#000000
17,26,186,#4D3D26,#000000
18,26,0,#000000,#000000
19,26,0,#000000,#000000
20,26,176,#204000,#000000
21,26,176,#204000,#000000
22,26,176,#204000,#000000
23,26,176,#204000,#000000
24,26,0,#000000,#000000
25,26,0,#000000,#000000
26,26,176,#006600,#000000
27,26,178,#006600,#000000
28,26,177,#006600,#000000
29,26,178,#006600,#000000
30,26,177,#006600,#000000
31,26,177,#006600,#000000
32,26,178,#006600,#000000
33,26,177,#006600,#000000
34,26,176,#006600,#000000
35,26,0,#000000,#000000
36,26,0,#000000,#000000
37,26,0,#000000,#000000
38,26,0,#000000,#000000
39,26,0,#000000,#000000
40,26,0,#000000,#000000
41,26,0,#000000,#000000
42,26,0,#000000,#000000
43,26,0,#000000,#000000
44,26,0,#000000,#000000
45,26,34,#004020,#000000
46,26,0,#000000,#000000
47,26,176,#666666,#000000
48,26,177,#666666,#000000
49,26,0,#4D4D4D,#000000
50,26,0,#000000,#000000
51,26,0,#000000,#000000
52,26,0,#000000,#000000
53,26,43,#004020,#000000
54,26,0,#000000,#000000
55,26,0,#000000,#000000
56,26,0,#000000,#000000
57,26,46,#004020,#000000
58,26,0,#000000,#000000
59,26,0,#000000,#000000
60,26,0,#000000,#000000
61,26,176,#004020,#000000
62,26,176,#004020,#000000
63,26,178,#004020,#000000
64,26,178,#004020,#000000
65,26,178,#004020,#000000
66,26,178,#004020,#000000
67,26,7,#BF00FF,#000000
68,26,176,#004020,#000000
69,26,176,#004020,#000000
70,26,0,#000000,#000000
71,26,0,#000000,#000000
72,26,0,#000000,#000000
73,26,0,#000000,#000000
74,26,0,#000000,#000000
75,26,0,#000000,#000000
76,26,0,#000000,#000000
77,26,0,#000000,#000000
78,26,0,#000000,#000000
79,26,0,#000000,#000000
80,26,0,#000000,#000000
81,26,0,#000000,#000000
82,26,0,#000000,#000000
83,26,178,#003040,#000000
84,26,178,#003040,#000000
85,26,177,#002040,#000000
86,26,177,#002040,#000000
87,26,178,#003040,#000000
88,26,178,#003040,#000000
89,26,178,#003040,#000000
90,26,178,#003040,#000000
91,26,178,#003040,#000000
92,26,178,#003040,#000000
93,26,178,#003040,#000000
94,26,178,#003040,#000000
95,26,0,#000000,#000000
96,26,0,#000000,#000000
97,26,0,#000000,#000000
98,26,0,#000000,#000000
99,26,0,#000000,#000000
0,27,0,#000000,#000000
1,27,0,#000000,#000000
2,27,0,#000000,#000000
3,27,0,#000000,#000000
4,27,0,#000000,#000000
5,27,0,#000000,#000000
6,27,0,#000000,#000000
7,27,0,#204000,#000000
8,27,176,#006600,#000000
9,27,176,#204000,#000000
10,27,176,#204000,#000000
11,27,176,#204000,#000000
12,27,186,#4D3D26,#000000
13,27,0,#000000,#000000
14,27,176,#204000,#000000
15,27,176,#204000,#000000
16,27,186,#4D3D26,#000000
17,27,186,#4D3D26,#000000
18,27,0,#000000,#000000
19,27,176,#204000,#000000
20,27,176,#204000,#000000
21,27,176,#336600,#000000
22,27,176,#336600,#000000
23,27,176,#204000,#000000
24,27,176,#204000,#000000
25,27,0,#000000,#000000
26,27,176,#006600,#000000
27,27,177,#006600,#000000
28,27,178,#006600,#000000
29,27,177,#006600,#000000
30,27,177,#006600,#000000
31,27,177,#006600,#000000
32,27,177,#006600,#000000
33,27,178,#006600,#000000
34,27,176,#006600,#000000
35,27,176,#006600,#000000
36,27,0,#000000,#000000
37,27,0,#000000,#000000
38,27,46,#004020,#000000
39,27,0,#000000,#000000
40,27,0,#000000,#000000
41,27,46,#004020,#000000
42,27,0,#000000,#000000
43,27,0,#000000,#000000
44,27,0,#000000,#000000
45,27,0,#000000,#000000
46,27,0,#000000,#000000
47,27,0,#000000,#000000
48,27,177,#666666,#000000
49,27,0,#4D4D4D,#000000
50,27,34,#004020,#000000
51,27,0,#000000,#000000
52,27,0,#000000,#000000
53,27,0,#000000,#000000
54,27,0,#000000,#000000
55,27,34,#004020,#000000
56,27,0,#000000,#000000
57,27,0,#000000,#000000
58,27,0,#000000,#000000
59,27,46,#004020,#000000
60,27,0,#000000,#000000
61,27,176,#004020,#000000
62,27,178,#004020,#000000
63,27,177,#004020,#000000
64,27,177,#004020,#000000
65,27,7,#0000D9,#000000
66,27,178,#004020,#000000
67,27,178,#004020,#000000
68,27,178,#004020,#000000
69,27,178,#004020,#000000
70,27,0,#000000,#000000
71,27,0,#000000,#000000
72,27,0,#000000,#000000
73,27,0,#000000,#000000
74,27,0,#000000,#000000
75,27,0,#000000,#000000
76,27,0,#000000,#000000
77,27,0,#000000,#000000
78,27,0,#000000,#000000
79,27,0,#000000,#000000
80,27,0,#000000,#000000
81,27,0,#000000,#000000
82,27,178,#003040,#000000
83,27,177,#002040,#000000
84,27,177,#002040,#000000
85,27,177,#002040,#000000
86,27,177,#002040,#000000
87,27,177,#002040,#000000
88,27,177,#002040,#000000
89,27,177,#002040,#000000
90,27,177,#002040,#000000
91,27,177,#002040,#000000
92,27,177,#002040,#000000
93,27,177,#002040,#000000
94,27,177,#002040,#000000
95,27,178,#003040,#000000
96,27,178,#003040,#000000
97,27,0,#000000,#000000
98,27,0,#000000,#000000
99,27,0,#000000,#000000
0,28,0,#000000,#000000
1,28,0,#000000,#000000
2,28,0,#000000,#000000
3,28,0,#000000,#000000
4,28,0,#000000,#000000
5,28,0,#000000,#000000
6,28,0,#000000,#000000
7,28,0,#204000,#000000
8,28,0,#204000,#000000
9,28,0,#000000,#000000
10,28,0,#000000,#000000
11,28,186,#4D3D26,#000000
12,28,186,#4D3D26,#000000
13,28,0,#000000,#000000
14,28,0,#000000,#000000
15,28,0,#000000,#000000
16,28,0,#000000,#000000
17,28,0,#000000,#000000
18,28,176,#204000,#000000
19,28,176,#204000,#000000
20,28,176,#204000,#000000
21,28,176,#204000,#000000
22,28,176,#336600,#000000
23,28,176,#336600,#000000
24,28,176,#204000,#000000
25,28,176,#006600,#000000
26,28,176,#006600,#000000
27,28,178,#006600,#000000
28,28,177,#006600,#000000
29,28,178,#006600,#000000
30,28,178,#006600,#000000
31,28,177,#006600,#000000
32,28,178,#006600,#000000
33,28,178,#006600,#000000
34,28,177,#006600,#000000
35,28,176,#006600,#000000
36,28,0,#000000,#000000
37,28,0,#000000,#000000
38,28,0,#000000,#000000
39,28,43,#004020,#000000
40,28,96,#004020,#000000
41,28,0,#000000,#000000
42,28,34,#004020,#000000
43,28,0,#000000,#000000
44,28,0,#000000,#000000
45,28,0,#33291A,#000000
46,28,34,#004020,#000000
47,28,0,#33291A,#000000
48,28,92,#FF8000,#000000
49,28,0,#FF8000,#000000
50,28,0,#FF8000,#000000
51,28,0,#000000,#000000
52,28,34,#004020,#000000
53,28,0,#000000,#000000
54,28,0,#000000,#000000
55,28,0,#000000,#000000
56,28,0,#000000,#000000
57,28,0,#000000,#000000
58,28,0,#000000,#000000
59,28,0,#000000,#000000
60,28,0,#000000,#000000
61,28,176,#004020,#000000
62,28,177,#004020,#000000
63,28,177,#004020,#000000
64,28,177,#004020,#000000
65,28,177,#004020,#000000
66,28,177,#004020,#000000
67,28,177,#004020,#000000
68,28,176,#004020,#000000
69,28,176,#004020,#000000
70,28,176,#004020,#000000
71,28,0,#000000,#000000
72,28,0,#000000,#000000
73,28,0,#000000,#000000
74,28,0,#000000,#000000
75,28,0,#000000,#000000
76,28,0,#000000,#000000
77,28,0,#000000,#000000
78,28,0,#000000,#000000
79,28,0,#000000,#000000
80,28,178,#003040,#000000
81,28,178,#003040,#000000
82,28,177,#002040,#000000
83,28,177,#002040,#000000
84,28,247,#006CD9,#000000
85,28,177,#002040,#000000
86,28,177,#002040,#000000
87,28,177,#002040,#000000
88,28,177,#002040,#000000
89,28,177,#002040,#000000
90,28,247,#006CD9,#002040
91,28,177,#002040,#000000
92,28,177,#002040,#000000
93,28,177,#002040,#000000
94,28,177,#002040,#000000
95,28,177,#002040,#000000
96,28,178,#003040,#000000
97,28,178,#003040,#000000
98,28,178,#003040,#000000
99,28,0,#000000,#000000
0,29,0,#000000,#000000
1,29,0,#000000,#000000
2,29,0,#000000,#000000
3,29,0,#000000,#000000
4,29,0,#000000,#000000
5,29,0,#000000,#000000
6,29,0,#000000,#000000
7,29,0,#000000,#000000
8,29,0,#000000,#000000
9,29,0,#000000,#000000
10,29,0,#000000,#000000
11,29,186,#4D3D26,#000000
12,29,186,#4D3D26,#000000
13,29,0,#000000,#000000
14,29,0,#000000,#000000
15,29,0,#000000,#000000
16,29,176,#204000,#000000
17,29,176,#204000,#000000
18,29,176,#336600,#000000
19,29,176,#204000,#000000
20,29,177,#204000,#000000
21,29,177,#204000,#000000
22,29,177,#204000,#000000
23,29,176,#204000,#000000
24,29,176,#204000,#000000
25,29,176,#006600,#000000
26,29,177,#006600,#000000
27,29,177,#006600,#000000
28,29,178,#006600,#000000
29,29,177,#006600,#000000
30,29,177,#006600,#000000
31,29,177,#006600,#000000
32,29,178,#006600,#000000
33,29,178,#006600,#000000
34,29,177,#006600,#000000
35,29,177,#006600,#000000
36,29,176,#006600,#000000
37,29,0,#000000,#000000
38,29,96,#004020,#000000
39,29,0,#000000,#000000
40,29,46,#004020,#000000
41,29,0,#000000,#000000
42,29,0,#000000,#000000
43,29,0,#000000,#000000
44,29,47,#33291A,#000000
45,29,47,#33291A,#000000
46,29,0,#33291A,#000000
47,29,32,#000000,#000000
48,29,60,#FF8000,#000000
49,29,55,#FF8000,#000000
50,29,0,#000000,#000000
51,29,0,#000000,#000000
52,29,0,#000000,#000000
53,29,43,#004020,#000000
54,29,0,#000000,#000000
55,29,47,#33291A,#000000
56,29,47,#33291A,#000000
57,29,43,#004020,#000000
58,29,0,#000000,#000000
59,29,46,#004020,#000000
60,29,0,#000000,#000000
61,29,176,#004020,#000000
62,29,177,#004020,#000000
63,29,177,#004020,#000000
64,29,177,#004020,#000000
65,29,177,#004020,#000000
66,29,177,#004020,#000000
67,29,177,#004020,#000000
68,29,176,#004020,#000000
69,29,176,#004020,#000000
70,29,176,#004020,#000000
71,29,0,#000000,#000000
72,29,0,#000000,#000000
73,29,0,#000000,#000000
74,29,0,#000000,#000000
75,29,0,#000000,#000000
76,29,0,#000000,#000000
77,29,0,#000000,#000000
78,29,0,#000000,#000000
79,29,0,#000000,#000000
80,29,178,#003040,#000000
81,29,177,#002040,#000000
82,29,177,#002040,#000000
83,29,177,#002040,#000000
84,29,177,#002040,#000000
85,29,177,#002040,#000000
86,29,177,#002040,#000000
87,29,177,#002040,#000000
88,29,177,#002040,#000000
89,29,177,#002040,#000000
90,29,177,#002040,#000000
91,29,177,#002040,#000000
92,29,177,#002040,#000000
93,29,177,#002040,#000000
94,29,177,#002040,#000000
95,29,177,#002040,#000000
96,29,177,#002040,#000000
97,29,177,#002040,#000000
98,29,178,#003040,#000000
99,29,0,#000000,#000000
0,30,0,#000000,#000000
1,30,0,#000000,#000000
2,30,0,#000000,#000000
3,30,0,#000000,#000000
4,30,0,#000000,#000000
5,30,0,#000000,#000000
6,30,0,#000000,#000000
7,30,0,#000000,#000000
8,30,0,#000000,#000000
9,30,0,#000000,#000000
10,30,0,#000000,#000000
11,30,186,#4D3D26,#000000
12,30,186,#4D3D26,#000000
13,30,0,#000000,#000000
14,30,0,#000000,#000000
15,30,0,#000000,#000000
16,30,176,#204000,#000000
17,30,176,#204000,#000000
18,30,176,#336600,#000000
19,30,176,#204000,#000000
20,30,176,#204000,#000000
21,30,176,#204000,#000000
22,30,176,#204000,#000000
23,30,176,#336600,#000000
24,30,176,#204000,#000000
25,30,176,#006600,#000000
26,30,176,#006600,#000000
27,30,176,#006600,#000000
28,30,176,#006600,#000000
29,30,176,#006600,#000000
30,30,176,#006600,#000000
31,30,176,#006600,#000000
32,30,176,#006600,#000000
33,30,176,#006600,#000000
34,30,176,#006600,#000000
35,30,176,#006600,#000000
36,30,0,#000000,#000000
37,30,0,#000000,#000000
38,30,0,#000000,#000000
39,30,0,#000000,#000000
40,30,0,#000000,#000000
41,30,34,#004020,#000000
42,30,0,#000000,#000000
43,30,47,#4D3D26,#000000
44,30,47,#4D3D26,#000000
45,30,47,#33291A,#000000
46,30,0,#33291A,#000000
47,30,32,#000000,#000000
48,30,54,#FF8000,#000000
49,30,0,#000000,#000000
50,30,0,#000000,#000000
51,30,34,#004020,#000000
52,30,0,#4D3D26,#000000
53,30,0,#4D3D26,#000000
54,30,47,#4D3D26,#000000
55,30,47,#4D3D26,#000000
56,30,47,#33291A,#000000
57,30,46,#004020,#000000
58,30,0,#000000,#000000
59,30,0,#000000,#000000
60,30,176,#004020,#000000
61,30,176,#004020,#000000
62,30,177,#004020,#000000
63,30,177,#004020,#000000
64,30,177,#004020,#000000
65,30,177,#004020,#000000
66,30,177,#004020,#000000
67,30,177,#004020,#000000
68,30,176,#004020,#000000
69,30,176,#004020,#000000
70,30,176,#004020,#000000
71,30,0,#000000,#000000
72,30,0,#000000,#000000
73,30,0,#000000,#000000
74,30,0,#000000,#000000
75,30,0,#000000,#000000
76,30,0,#000000,#000000
77,30,0,#000000,#000000
78,30,0,#000000,#000000
79,30,178,#003040,#000000
80,30,178,#003040,#000000
81,30,177,#002040,#000000
82,30,177,#002040,#000000
83,30,177,#002040,#000000
84,30,177,#002040,#000000
85,30,247,#006CD9,#000000
86,30,177,#002040,#000000
87,30,177,#002040,#000000
88,30,177,#002040,#000000
89,30,177,#002040,#000000
90,30,177,#002040,#000000
91,30,177,#002040,#000000
92,30,177,#002040,#000000
93,30,177,#002040,#000000
94,30,177,#002040,#000000
95,30,177,#002040,#000000
96,30,177,#002040,#000000
97,30,177,#002040,#000000
98,30,178,#003040,#000000
99,30,0,#000000,#000000
0,31,0,#000000,#000000
1,31,0,#000000,#000000
2,31,0,#000000,#000000
3,31,0,#000000,#000000
4,31,0,#000000,#000000
5,31,0,#000000,#000000
6,31,0,#000000,#000000
7,31,0,#000000,#000000
8,31,0,#000000,#000000
9,31,0,#000000,#000000
10,31,0,#000000,#000000
11,31,186,#4D3D26,#000000
12,31,186,#4D3D26,#000000
13,31,0,#000000,#000000
14,31,0,#000000,#000000
15,31,0,#000000,#000000
16,31,176,#204000,#000000
17,31,176,#336600,#000000
18,31,176,#336600,#000000
19,31,176,#204000,#000000
20,31,176,#204000,#000000
21,31,177,#204000,#000000
22,31,176,#204000,#000000
23,31,176,#336600,#000000
24,31,176,#204000,#000000
25,31,0,#000000,#000000
26,31,0,#000000,#000000
27,31,0,#000000,#000000
28,31,176,#006600,#000000
29,31,176,#006600,#000000
30,31,176,#006600,#000000
31,31,186,#33291A,#000000
32,31,0,#000000,#000000
33,31,0,#000000,#000000
34,31,0,#000000,#000000
35,31,0,#000000,#000000
36,31,0,#000000,#000000
37,31,43,#004020,#000000
38,31,0,#000000,#000000
39,31,46,#004020,#000000
40,31,0,#000000,#000000
41,31,0,#000000,#000000
42,31,47,#4D3D26,#000000
43,31,47,#4D3D26,#000000
44,31,47,#33291A,#000000
45,31,0,#000000,#000000
46,31,0,#000000,#000000
47,31,47,#4D3D26,#000000
48,31,179,#4D3D26,#000000
49,31,92,#4D3D26,#000000
50,31,0,#000000,#000000
51,31,0,#4D3D26,#000000
52,31,0,#4D3D26,#000000
53,31,47,#4D3D26,#000000
54,31,47,#4D3D26,#000000
55,31,47,#33291A,#000000
56,31,0,#000000,#000000
57,31,0,#000000,#000000
58,31,43,#004020,#000000
59,31,0,#000000,#000000
60,31,176,#004020,#000000
61,31,177,#004020,#000000
62,31,7,#BF00FF,#000000
63,31,177,#004020,#000000
64,31,177,#004020,#000000
65,31,177,#004020,#000000
66,31,177,#004020,#000000
67,31,7,#33FFFF,#000000
68,31,177,#004020,#000000
69,31,178,#004020,#000000
70,31,7,#33FFFF,#000000
71,31,0,#000000,#000000
72,31,0,#000000,#000000
73,31,0,#000000,#000000
74,31,0,#000000,#000000
75,31,0,#000000,#000000
76,31,0,#000000,#000000
77,31,0,#000000,#000000
78,31,0,#33291A,#000000
79,31,0,#33291A,#000000
80,31,205,#33291A,#000000
81,31,205,#33291A,#000000
82,31,205,#33291A,#000000
83,31,205,#33291A,#000000
84,31,177,#002040,#000000
85,31,177,#002040,#000000
86,31,177,#002040,#000000
87,31,177,#002040,#000000
88,31,177,#002040,#000000
89,31,247,#006CD9,#002040
90,31,177,#002040,#000000
91,31,177,#002040,#000000
92,31,177,#002040,#000000
93,31,177,#002040,#000000
94,31,247,#006CD9,#000000
95,31,177,#002040,#000000
96,31,177,#002040,#000000
97,31,177,#002040,#000000
98,31,178,#003040,#000000
99,31,0,#000000,#000000
0,32,0,#000000,#000000
1,32,0,#000000,#000000
2,32,0,#000000,#000000
3,32,0,#000000,#000000
4,32,0,#000000,#000000
5,32,0,#000000,#000000
6,32,0,#000000,#000000
7,32,0,#000000,#000000
8,32,0,#000000,#000000
9,32,0,#000000,#000000
10,32,0,#000000,#000000
11,32,186,#4D3D26,#000000
12,32,186,#4D3D26,#000000
13,32,0,#000000,#000000
14,32,0,#000000,#000000
15,32,0,#000000,#000000
16,32,176,#204000,#000000
17,32,176,#336600,#000000
18,32,176,#336600,#000000
19,32,176,#204000,#000000
20,32,177,#204000,#000000
21,32,177,#204000,#000000
22,32,176,#204000,#000000
23,32,176,#336600,#000000
24,32,176,#204000,#000000
25,32,176,#204000,#000000
26,32,0,#000000,#000000
27,32,0,#000000,#000000
28,32,0,#000000,#000000
29,32,186,#33291A,#000000
30,32,0,#000000,#000000
31,32,186,#33291A,#000000
32,32,0,#000000,#000000
33,32,0,#000000,#000000
34,32,0,#000000,#000000
35,32,0,#000000,#000000
36,32,0,#000000,#000000
37,32,96,#004020,#000000
38,32,46,#004020,#000000
39,32,0,#000000,#000000
40,32,0,#000000,#000000
41,32,47,#4D3D26,#000000
42,32,47,#4D3D26,#000000
43,32,47,#33291A,#000000
44,32,0,#000000,#000000
45,32,43,#004020,#000000
46,32,0,#000000,#000000
47,32,0,#000000,#000000
48,32,0,#000000,#000000
49,32,43,#004020,#000000
50,32,0,#4D3D26,#000000
51,32,0,#4D3D26,#000000
52,32,47,#4D3D26,#000000
53,32,47,#4D3D26,#000000
54,32,47,#33291A,#000000
55,32,0,#000000,#000000
56,32,0,#000000,#000000
57,32,0,#000000,#000000
58,32,0,#000000,#000000
59,32,176,#004020,#000000
60,32,178,#004020,#000000
61,32,178,#004020,#000000
62,32,177,#004020,#000000
63,32,177,#004020,#000000
64,32,7,#FFFF00,#004020
65,32,178,#004020,#000000
66,32,178,#004020,#000000
67,32,178,#004020,#000000
68,32,178,#004020,#000000
69,32,177,#004020,#000000
70,32,178,#004020,#000000
71,32,0,#000000,#000000
72,32,0,#000000,#000000
73,32,0,#000000,#000000
74,32,0,#000000,#000000
75,32,0,#000000,#000000
76,32,0,#000000,#000000
77,32,0,#000000,#000000
78,32,0,#000000,#000000
79,32,0,#000000,#000000
80,32,178,#003040,#000000
81,32,177,#002040,#000000
82,32,177,#002040,#000000
83,32,186,#33291A,#000000
84,32,247,#006CD9,#000000
85,32,177,#002040,#000000
86,32,177,#002040,#000000
87,32,177,#002040,#000000
88,32,177,#002040,#000000
89,32,177,#002040,#000000
90,32,177,#002040,#000000
91,32,177,#002040,#000000
92,32,177,#002040,#000000
93,32,177,#002040,#000000
94,32,177,#002040,#000000
95,32,177,#002040,#000000
96,32,177,#002040,#000000
97,32,177,#002040,#000000
98,32,178,#003040,#000000
99,32,0,#000000,#000000
0,33,0,#000000,#000000
1,33,0,#000000,#000000
2,33,0,#000000,#000000
3,33,0,#000000,#000000
4,33,0,#000000,#000000
5,33,0,#000000,#000000
6,33,0,#000000,#000000
7,33,0,#000000,#000000
8,33,0,#000000,#000000
9,33,0,#000000,#000000
10,33,0,#000000,#000000
11,33,186,#4D3D26,#000000
12,33,186,#4D3D26,#000000
13,33,0,#000000,#000000
14,33,0,#000000,#000000
15,33,0,#000000,#000000
16,33,176,#204000,#000000
17,33,176,#336600,#000000
18,33,176,#336600,#000000
19,33,176,#336600,#000000
20,33,176,#336600,#000000
21,33,177,#204000,#000000
22,33,176,#336600,#000000
23,33,176,#336600,#000000
24,33,176,#336600,#000000
25,33,176,#204000,#000000
26,33,0,#000000,#000000
27,33,0,#000000,#000000
28,33,0,#000000,#000000
29,33,186,#33291A,#000000
30,33,0,#000000,#000000
31,33,186,#33291A,#000000
32,33,0,#000000,#000000
33,33,0,#000000,#000000
34,33,0,#000000,#000000
35,33,0,#000000,#000000
36,33,0,#000000,#000000
37,33,0,#000000,#000000
38,33,43,#004020,#000000
39,33,0,#000000,#000000
40,33,0,#000000,#000000
41,33,79,#33291A,#000000
42,33,47,#33291A,#000000
43,33,0,#000000,#000000
44,33,0,#000000,#000000
45,33,0,#000000,#000000
46,33,0,#000000,#000000
47,33,0,#000000,#000000
48,33,0,#000000,#000000
49,33,0,#000000,#000000
50,33,43,#004020,#000000
51,33,0,#4D3D26,#000000
52,33,79,#33291A,#000000
53,33,47,#33291A,#000000
54,33,0,#000000,#000000
55,33,0,#000000,#000000
56,33,96,#004020,#000000
57,33,43,#004020,#000000
58,33,0,#000000,#000000
59,33,176,#004020,#000000
60,33,176,#004020,#000000
61,33,178,#004020,#000000
62,33,178,#004020,#000000
63,33,178,#004020,#000000
64,33,178,#004020,#000000
65,33,177,#004020,#000000
66,33,178,#004020,#000000
67,33,177,#004020,#000000
68,33,177,#004020,#000000
69,33,177,#004020,#000000
70,33,178,#004020,#000000
71,33,0,#000000,#000000
72,33,0,#000000,#000000
73,33,0,#000000,#000000
74,33,0,#000000,#000000
75,33,0,#000000,#000000
76,33,0,#000000,#000000
77,33,0,#000000,#000000
78,33,0,#000000,#000000
79,33,0,#000000,#000000
80,33,178,#003040,#000000
81,33,177,#002040,#000000
82,33,177,#002040,#000000
83,33,177,#002040,#000000
84,33,177,#002040,#000000
85,33,177,#002040,#000000
86,33,177,#002040,#000000
87,33,177,#002040,#000000
88,33,177,#002040,#000000
89,33,177,#002040,#000000
90,33,177,#002040,#000000
91,33,177,#002040,#000000
92,33,177,#002040,#000000
93,33,177,#002040,#000000
94,33,177,#002040,#000000
95,33,177,#002040,#000000
96,33,177,#002040,#000000
97,33,178,#003040,#000000
98,33,0,#000000,#000000
99,33,0,#000000,#000000
0,34,0,#000000,#000000
1,34,0,#000000,#000000
2,34,0,#000000,#000000
3,34,0,#000000,#000000
4,34,0,#000000,#000000
5,34,0,#000000,#000000
6,34,0,#000000,#000000
7,34,0,#000000,#000000
8,34,0,#000000,#000000
9,34,0,#000000,#000000
10,34,0,#000000,#000000
11,34,0,#000000,#000000
12,34,0,#000000,#000000
13,34,0,#000000,#000000
14,34,0,#000000,#000000
15,34,0,#000000,#000000
16,34,176,#204000,#000000
17,34,176,#204000,#000000
18,34,176,#204000,#000000
19,34,186,#4D3D26,#000000
20,34,176,#336600,#000000
21,34,176,#336600,#000000
22,34,176,#336600,#000000
23,34,0,#000000,#000000
24,34,176,#204000,#000000
25,34,176,#204000,#000000
26,34,0,#000000,#000000
27,34,0,#000000,#000000
28,34,0,#000000,#000000
29,34,186,#33291A,#000000
30,34,0,#000000,#000000
31,34,186,#33291A,#000000
32,34,0,#000000,#000000
33,34,0,#000000,#000000
34,34,0,#000000,#000000
35,34,0,#000000,#000000
36,34,0,#000000,#000000
37,34,96,#004020,#000000
38,34,0,#000000,#000000
39,34,0,#000000,#000000
40,34,0,#000000,#000000
41,34,43,#004020,#000000
42,34,0,#000000,#000000
43,34,0,#000000,#000000
44,34,43,#004020,#000000
45,34,0,#000000,#000000
46,34,0,#000000,#000000
47,34,46,#004020,#000000
48,34,43,#004020,#000000
49,34,0,#000000,#000000
50,34,43,#004020,#000000
51,34,0,#000000,#000000
52,34,0,#000000,#000000
53,34,0,#000000,#000000
54,34,46,#004020,#000000
55,34,0,#000000,#000000
56,34,46,#004020,#000000
57,34,0,#000000,#000000
58,34,176,#004020,#000000
59,34,176,#004020,#000000
60,34,176,#004020,#000000
61,34,177,#004020,#000000
62,34,177,#004020,#000000
63,34,177,#004020,#000000
64,34,177,#004020,#000000
65,34,177,#004020,#000000
66,34,177,#004020,#000000
67,34,177,#004020,#000000
68,34,177,#004020,#000000
69,34,177,#004020,#000000
70,34,177,#004020,#000000
71,34,176,#004020,#000000
72,34,0,#000000,#000000
73,34,0,#000000,#000000
74,34,0,#000000,#000000
75,34,0,#000000,#000000
76,34,0,#000000,#000000
77,34,0,#000000,#000000
78,34,0,#000000,#000000
79,34,0,#000000,#000000
80,34,178,#003040,#000000
81,34,178,#003040,#000000
82,34,177,#002040,#000000
83,34,177,#002040,#000000
84,34,177,#002040,#000000
85,34,177,#002040,#000000
86,34,177,#002040,#000000
87,34,247,#006CD9,#002040
88,34,177,#002040,#000000
89,34,177,#002040,#000000
90,34,177,#002040,#000000
91,34,247,#006CD9,#002040
92,34,177,#002040,#000000
93,34,177,#002040,#000000
94,34,177,#002040,#000000
95,34,177,#002040,#000000
96,34,177,#002040,#000000
97,34,178,#003040,#000000
98,34,0,#000000,#000000
99,34,0,#000000,#000000
0,35,0,#000000,#000000
1,35,0,#000000,#000000
2,35,0,#000000,#000000
3,35,0,#000000,#000000
4,35,0,#000000,#000000
5,35,0,#000000,#000000
6,35,0,#000000,#000000
7,35,0,#000000,#000000
8,35,0,#000000,#000000
9,35,0,#000000,#000000
10,35,0,#000000,#000000
11,35,0,#000000,#000000
12,35,0,#000000,#000000
13,35,0,#000000,#000000
14,35,0,#000000,#000000
15,35,0,#000000,#000000
16,35,176,#204000,#000000
17,35,0,#000000,#000000
18,35,0,#000000,#000000
19,35,186,#4D3D26,#000000
20,35,0,#000000,#000000
21,35,186,#4D3D26,#000000
22,35,0,#000000,#000000
23,35,0,#000000,#000000
24,35,176,#204000,#000000
25,35,176,#204000,#000000
26,35,0,#000000,#000000
27,35,0,#000000,#000000
28,35,0,#000000,#000000
29,35,0,#000000,#000000
30,35,0,#000000,#000000
31,35,0,#000000,#000000
32,35,0,#000000,#000000
33,35,0,#000000,#000000
34,35,0,#000000,#000000
35,35,0,#000000,#000000
36,35,0,#000000,#000000
37,35,0,#000000,#000000
38,35,0,#000000,#000000
39,35,96,#004020,#000000
40,35,0,#000000,#000000
41,35,0,#000000,#000000
42,35,0,#000000,#000000
43,35,0,#000000,#000000
44,35,46,#004020,#000000
45,35,0,#000000,#000000
46,35,0,#000000,#000000
47,35,0,#000000,#000000
48,35,0,#000000,#000000
49,35,0,#000000,#000000
50,35,0,#000000,#000000
51,35,46,#004020,#000000
52,35,0,#000000,#000000
53,35,0,#000000,#000000
54,35,0,#000000,#000000
55,35,0,#000000,#000000
56,35,0,#000000,#000000
57,35,0,#000000,#000000
58,35,176,#004020,#000000
59,35,176,#004020,#000000
60,35,176,#004020,#000000
61,35,177,#004020,#000000
62,35,177,#004020,#000000
63,35,177,#004020,#000000
64,35,177,#004020,#000000
65,35,177,#004020,#000000
66,35,177,#004020,#000000
67,35,177,#004020,#000000
68,35,177,#004020,#000000
69,35,177,#004020,#000000
70,35,178,#004020,#000000
71,35,176,#004020,#000000
72,35,0,#000000,#000000
73,35,0,#000000,#000000
74,35,0,#000000,#000000
75,35,0,#000000,#000000
76,35,0,#000000,#000000
77,35,0,#000000,#000000
78,35,0,#000000,#000000
79,35,0,#000000,#000000
80,35,0,#000000,#000000
81,35,0,#000000,#000000
82,35,178,#003040,#000000
83,35,177,#002040,#000000
84,35,177,#002040,#000000
85,35,177,#002040,#000000
86,35,177,#002040,#000000
87,35,177,#002040,#000000
88,35,177,#002040,#000000
89,35,177,#002040,#000000
90,35,177,#002040,#000000
91,35,177,#002040,#000000
92,35,177,#002040,#000000
93,35,177,#002040,#000000
94,35,177,#002040,#000000
95,35,177,#002040,#000000
96,35,178,#003040,#000000
97,35,0,#000000,#000000
98,35,0,#000000,#000000
99,35,0,#000000,#000000
0,36,0,#000000,#000000
1,36,0,#000000,#000000
2,36,0,#000000,#000000
3,36,0,#000000,#000000
4,36,0,#000000,#000000
5,36,0,#000000,#000000
6,36,0,#000000,#000000
7,36,0,#000000,#000000
8,36,0,#000000,#000000
9,36,0,#000000,#000000
10,36,0,#000000,#000000
11,36,0,#000000,#000000
12,36,0,#000000,#000000
13,36,0,#000000,#000000
14,36,0,#000000,#000000
15,36,0,#000000,#000000
16,36,0,#000000,#000000
17,36,0,#000000,#000000
18,36,0,#000000,#000000
19,36,186,#4D3D26,#000000
20,36,0,#000000,#000000
21,36,186,#4D3D26,#000000
22,36,0,#000000,#000000
23,36,0,#000000,#000000
24,36,0,#000000,#000000
25,36,176,#204000,#000000
26,36,0,#000000,#000000
27,36,0,#000000,#000000
28,36,0,#000000,#000000
29,36,0,#000000,#000000
30,36,0,#000000,#000000
31,36,0,#000000,#000000
32,36,0,#000000,#000000
33,36,0,#000000,#000000
34,36,0,#000000,#000000
35,36,0,#000000,#000000
36,36,0,#000000,#000000
37,36,0,#000000,#000000
38,36,34,#004020,#000000
39,36,0,#000000,#000000
40,36,34,#004020,#000000
41,36,0,#000000,#000000
42,36,0,#000000,#000000
43,36,0,#000000,#000000
44,36,0,#000000,#000000
45,36,34,#004020,#000000
46,36,0,#000000,#000000
47,36,96,#004020,#000000
48,36,0,#000000,#000000
49,36,0,#000000,#000000
50,36,0,#000000,#000000
51,36,0,#000000,#000000
52,36,0,#000000,#000000
53,36,0,#000000,#000000
54,36,96,#004020,#000000
55,36,0,#000000,#000000
56,36,0,#000000,#000000
57,36,0,#000000,#000000
58,36,176,#004020,#000000
59,36,176,#004020,#000000
60,36,177,#004020,#000000
61,36,7,#FF9933,#000000
62,36,177,#004020,#000000
63,36,177,#004020,#000000
64,36,177,#004020,#000000
65,36,178,#004020,#000000
66,36,177,#004020,#000000
67,36,177,#004020,#000000
68,36,177,#004020,#000000
69,36,177,#004020,#000000
70,36,177,#004020,#000000
71,36,176,#004020,#000000
72,36,0,#000000,#000000
73,36,0,#000000,#000000
74,36,0,#000000,#000000
75,36,0,#000000,#000000
76,36,0,#000000,#000000
77,36,0,#000000,#000000
78,36,0,#000000,#000000
79,36,0,#000000,#000000
80,36,0,#000000,#000000
81,36,0,#000000,#000000
82,36,0,#000000,#000000
83,36,178,#003040,#000000
84,36,178,#003040,#000000
85,36,178,#003040,#000000
86,36,178,#003040,#000000
87,36,178,#003040,#000000
88,36,178,#003040,#000000
89,36,178,#003040,#000000
90,36,178,#003040,#000000
91,36,177,#002040,#000000
92,36,177,#002040,#000000
93,36,177,#002040,#000000
94,36,178,#003040,#000000
95,36,178,#003040,#000000
96,36,178,#003040,#000000
97,36,0,#000000,#000000
98,36,0,#000000,#000000
99,36,0,#000000,#000000
0,37,0,#000000,#000000
1,37,0,#000000,#000000
2,37,0,#000000,#000000
3,37,0,#000000,#000000
4,37,0,#000000,#000000
5,37,0,#000000,#000000
6,37,0,#000000,#000000
7,37,0,#000000,#000000
8,37,0,#000000,#000000
9,37,0,#000000,#000000
10,37,0,#000000,#000000
11,37,0,#000000,#000000
12,37,0,#000000,#000000
13,37,0,#000000,#000000
14,37,0,#000000,#000000
15,37,0,#000000,#000000
16,37,0,#000000,#000000
17,37,0,#000000,#000000
18,37,0,#000000,#000000
19,37,186,#4D3D26,#000000
20,37,0,#000000,#000000
21,37,186,#4D3D26,#000000
22,37,0,#000000,#000000
23,37,0,#000000,#000000
24,37,0,#000000,#000000
25,37,0,#000000,#000000
26,37,0,#000000,#000000
27,37,0,#000000,#000000
28,37,0,#000000,#000000
29,37,0,#000000,#000000
30,37,0,#000000,#000000
31,37,0,#000000,#000000
32,37,0,#000000,#000000
33,37,0,#000000,#000000
34,37,0,#000000,#000000
35,37,0,#000000,#000000
36,37,0,#000000,#000000
37,37,0,#000000,#000000
38,37,0,#000000,#000000
39,37,0,#000000,#000000
40,37,0,#000000,#000000
41,37,0,#000000,#000000
42,37,0,#000000,#000000
43,37,96,#004020,#000000
44,37,0,#000000,#000000
45,37,0,#000000,#000000
46,37,0,#000000,#000000
47,37,0,#000000,#000000
48,37,0,#000000,#000000
49,37,0,#000000,#000000
50,37,96,#004020,#000000
51,37,34,#004020,#000000
52,37,0,#000000,#000000
53,37,43,#004020,#000000
54,37,0,#000000,#000000
55,37,0,#000000,#000000
56,37,0,#000000,#000000
57,37,176,#004020,#000000
58,37,178,#004020,#000000
59,37,176,#004020,#000000
60,37,177,#004020,#000000
61,37,177,#004020,#000000
62,37,177,#004020,#000000
63,37,177,#004020,#000000
64,37,177,#004020,#000000
65,37,177,#004020,#000000
66,37,177,#004020,#000000
67,37,177,#004020,#000000
68,37,177,#004020,#000000
69,37,177,#004020,#000000
70,37,178,#004020,#000000
71,37,4,#33FF99,#000000
72,37,0,#000000,#000000
73,37,0,#000000,#000000
74,37,0,#000000,#000000
75,37,0,#000000,#000000
76,37,0,#000000,#000000
77,37,0,#000000,#000000
78,37,0,#000000,#000000
79,37,0,#000000,#000000
80,37,0,#000000,#000000
81,37,0,#000000,#000000
82,37,0,#000000,#000000
83,37,0,#000000,#000000
84,37,0,#000000,#000000
85,37,0,#000000,#000000
86,37,0,#000000,#000000
87,37,0,#000000,#000000
88,37,0,#000000,#000000
89,37,0,#000000,#000000
90,37,0,#000000,#000000
91,37,178,#003040,#000000
92,37,178,#003040,#000000
93,37,178,#003040,#000000
94,37,0,#000000,#000000
95,37,0,#000000,#000000
96,37,0,#000000,#000000
97,37,0,#000000,#000000
98,37,0,#000000,#000000
99,37,0,#000000,#000000
0,38,0,#000000,#000000
1,38,0,#000000,#000000
2,38,0,#000000,#000000
3,38,0,#000000,#000000
4,38,0,#000000,#000000
5,38,0,#000000,#000000
6,38,0,#000000,#000000
7,38,0,#000000,#000000
8,38,0,#000000,#000000
9,38,0,#000000,#000000
10,38,0,#000000,#000000
11,38,0,#000000,#000000
12,38,0,#000000,#000000
13,38,0,#000000,#000000
14,38,0,#000000,#000000
15,38,0,#000000,#000000
16,38,0,#000000,#000000
17,38,0,#000000,#000000
18,38,0,#000000,#000000
19,38,186,#4D3D26,#000000
20,38,0,#000000,#000000
21,38,186,#4D3D26,#000000
22,38,0,#000000,#000000
23,38,0,#000000,#000000
24,38,0,#000000,#000000
25,38,0,#000000,#000000
26,38,0,#000000,#000000
27,38,0,#000000,#000000
28,38,0,#000000,#000000
29,38,0,#000000,#000000
30,38,0,#000000,#000000
31,38,0,#000000,#000000
32,38,0,#000000,#000000
33,38,0,#000000,#000000
34,38,0,#000000,#000000
35,38,0,#000000,#000000
36,38,0,#000000,#000000
37,38,0,#000000,#000000
38,38,0,#000000,#000000
39,38,0,#000000,#000000
40,38,0,#000000,#000000
41,38,0,#000000,#000000
42,38,0,#000000,#000000
43,38,0,#000000,#000000
44,38,0,#000000,#000000
45,38,0,#000000,#000000
46,38,0,#000000,#000000
47,38,0,#000000,#000000
48,38,0,#000000,#000000
49,38,0,#000000,#000000
50,38,0,#000000,#000000
51,38,0,#000000,#000000
52,38,0,#000000,#000000
53,38,0,#000000,#000000
54,38,0,#000000,#000000
55,38,0,#000000,#000000
56,38,0,#000000,#000000
57,38,176,#004020,#000000
58,38,176,#004020,#000000
59,38,178,#004020,#000000
60,38,178,#004020,#000000
61,38,178,#004020,#000000
62,38,178,#004020,#000000
63,38,178,#004020,#000000
64,38,178,#004020,#000000
65,38,4,#FFFF66,#000000
66,38,178,#004020,#000000
67,38,178,#004020,#000000
68,38,178,#004020,#000000
69,38,4,#6CD900,#000000
70,38,178,#004020,#000000
71,38,177,#004020,#000000
72,38,176,#004020,#000000
73,38,0,#000000,#000000
74,38,0,#000000,#000000
75,38,0,#000000,#000000
76,38,0,#000000,#000000
77,38,0,#000000,#000000
78,38,0,#000000,#000000
79,38,0,#000000,#000000
80,38,0,#000000,#000000
81,38,0,#000000,#000000
82,38,0,#000000,#000000
83,38,0,#000000,#000000
84,38,0,#000000,#000000
85,38,0,#000000,#000000
86,38,0,#000000,#000000
87,38,0,#000000,#000000
88,38,0,#000000,#000000
89,38,0,#000000,#000000
90,38,0,#000000,#000000
91,38,0,#000000,#000000
92,38,0,#000000,#000000
93,38,0,#000000,#000000
94,38,0,#000000,#000000
95,38,0,#000000,#000000
96,38,0,#000000,#000000
97,38,0,#000000,#000000
98,38,0,#000000,#000000
99,38,0,#000000,#000000
0,39,0,#000000,#000000
1,39,0,#000000,#000000
2,39,0,#000000,#000000
3,39,0,#000000,#000000
4,39,0,#000000,#000000
5,39,0,#000000,#000000
6,39,0,#000000,#000000
7,39,0,#000000,#000000
8,39,0,#000000,#000000
9,39,0,#000000,#000000
10,39,0,#000000,#000000
11,39,0,#000000,#000000
12,39,0,#000000,#000000
13,39,0,#000000,#000000
14,39,0,#000000,#000000
15,39,0,#000000,#000000
16,39,0,#000000,#000000
17,39,0,#000000,#000000
18,39,0,#000000,#000000
19,39,186,#4D3D26,#000000
20,39,0,#000000,#000000
21,39,186,#4D3D26,#000000
22,39,0,#000000,#000000
23,39,0,#000000,#000000
24,39,0,#000000,#000000
25,39,0,#000000,#000000
26,39,0,#000000,#000000
27,39,0,#000000,#000000
28,39,0,#000000,#000000
29,39,0,#000000,#000000
30,39,0,#000000,#000000
31,39,0,#000000,#000000
32,39,0,#000000,#000000
33,39,0,#000000,#000000
34,39,0,#000000,#000000
35,39,0,#000000,#000000
36,39,0,#000000,#000000
37,39,0,#000000,#000000
38,39,0,#000000,#000000
39,39,0,#000000,#000000
40,39,0,#000000,#000000
41,39,0,#000000,#000000
42,39,0,#000000,#000000
43,39,0,#000000,#000000
44,39,0,#000000,#000000
45,39,0,#000000,#000000
46,39,0,#000000,#000000
47,39,0,#000000,#000000
48,39,0,#000000,#000000
49,39,0,#000000,#000000
50,39,0,#000000,#000000
51,39,0,#000000,#000000
52,39,0,#000000,#000000
53,39,0,#000000,#000000
54,39,0,#000000,#000000
55,39,0,#000000,#000000
56,39,176,#004020,#000000
57,39,176,#004020,#000000
58,39,177,#004020,#000000
59,39,4,#33FF99,#000000
60,39,177,#004020,#000000
61,39,177,#004020,#000000
62,39,178,#004020,#000000
63,39,177,#004020,#000000
64,39,177,#004020,#000000
65,39,176,#004020,#000000
66,39,176,#004020,#000000
67,39,176,#004020,#000000
68,39,176,#004020,#000000
69,39,176,#004020,#000000
70,39,177,#004020,#000000
71,39,177,#004020,#000000
72,39,176,#004020,#000000
73,39,0,#000000,#000000
74,39,0,#000000,#000000
75,39,0,#000000,#000000
76,39,0,#000000,#000000
77,39,0,#000000,#000000
78,39,0,#000000,#000000
79,39,0,#000000,#000000
80,39,0,#000000,#000000
81,39,0,#000000,#000000
82,39,0,#000000,#000000
83,39,0,#000000,#000000
84,39,0,#000000,#000000
85,39,0,#000000,#000000
86,39,0,#000000,#000000
87,39,0,#000000,#000000
88,39,0,#000000,#000000
89,39,0,#000000,#000000
90,39,0,#000000,#000000
91,39,0,#000000,#000000
92,39,0,#000000,#000000
93,39,0,#000000,#000000
94,39,0,#000000,#000000
95,39,0,#000000,#000000
96,39,0,#000000,#000000
97,39,0,#000000,#000000
98,39,0,#000000,#000000
99,39,0,#000000,#000000
0,40,0,#000000,#000000
1,40,0,#000000,#000000
2,40,0,#000000,#000000
3,40,0,#000000,#000000
4,40,0,#000000,#000000
5,40,0,#000000,#000000
6,40,0,#000000,#000000
7,40,0,#000000,#000000
8,40,0,#000000,#000000
9,40,0,#000000,#000000
10,40,0,#000000,#000000
11,40,0,#000000,#000000
12,40,0,#000000,#000000
13,40,0,#000000,#000000
14,40,0,#000000,#000000
15,40,0,#000000,#000000
16,40,0,#000000,#000000
17,40,0,#000000,#000000
18,40,0,#000000,#000000
19,40,186,#4D3D26,#000000
20,40,0,#000000,#000000
21,40,186,#4D3D26,#000000
22,40,0,#000000,#000000
23,40,0,#000000,#000000
24,40,0,#000000,#000000
25,40,0,#000000,#000000
26,40,0,#000000,#000000
27,40,0,#000000,#000000
28,40,0,#000000,#000000
29,40,0,#000000,#000000
30,40,0,#000000,#000000
31,40,0,#000000,#000000
32,40,0,#000000,#000000
33,40,0,#000000,#000000
34,40,0,#000000,#000000
35,40,0,#000000,#000000
36,40,0,#000000,#000000
37,40,0,#000000,#000000
38,40,0,#000000,#000000
39,40,0,#000000,#000000
40,40,0,#000000,#000000
41,40,0,#000000,#000000
42,40,0,#000000,#000000
43,40,0,#000000,#000000
44,40,0,#000000,#000000
45,40,0,#000000,#000000
46,40,0,#000000,#000000
47,40,0,#000000,#000000
48,40,0,#000000,#000000
49,40,0,#000000,#000000
50,40,0,#000000,#000000
51,40,0,#000000,#000000
52,40,0,#000000,#000000
53,40,0,#000000,#000000
54,40,0,#000000,#000000
55,40,0,#000000,#000000
56,40,176,#004020,#000000
57,40,176,#004020,#000000
58,40,177,#004020,#000000
59,40,177,#004020,#000000
60,40,177,#004020,#000000
61,40,176,#004020,#000000
62,40,176,#004020,#000000
63,40,176,#004020,#000000
64,40,176,#004020,#000000
65,40,176,#004020,#000000
66,40,176,#004020,#000000
67,40,176,#004020,#000000
68,40,176,#004020,#000000
69,40,176,#004020,#000000
70,40,177,#004020,#000000
71,40,177,#004020,#000000
72,40,177,#004020,#000000
73,40,176,#004020,#000000
74,40,176,#004020,#000000
75,40,0,#000000,#000000
76,40,0,#000000,#000000
77,40,0,#000000,#000000
78,40,0,#000000,#000000
79,40,0,#000000,#000000
80,40,0,#000000,#000000
81,40,0,#000000,#000000
82,40,0,#000000,#000000
83,40,0,#000000,#000000
84,40,0,#000000,#000000
85,40,0,#000000,#000000
86,40,0,#000000,#000000
87,40,0,#000000,#000000
88,40,0,#000000,#000000
89,40,0,#000000,#000000
90,40,0,#000000,#000000
91,40,0,#000000,#000000
92,40,0,#000000,#000000
93,40,0,#000000,#000000
94,40,0,#000000,#000000
95,40,0,#000000,#000000
96,40,0,#000000,#000000
97,40,0,#000000,#000000
98,40,0,#000000,#000000
99,40,0,#000000,#000000
0,41,0,#000000,#000000
1,41,0,#000000,#000000
2,41,0,#000000,#000000
3,41,0,#000000,#000000
4,41,0,#000000,#000000
5,41,0,#000000,#000000
6,41,0,#000000,#000000
7,41,0,#000000,#000000
8,41,0,#000000,#000000
9,41,0,#000000,#000000
10,41,0,#000000,#000000
11,41,0,#000000,#000000
12,41,0,#000000,#000000
13,41,0,#000000,#000000
14,41,0,#000000,#000000
15,41,0,#000000,#000000
16,41,0,#000000,#000000
17,41,0,#000000,#000000
18,41,0,#000000,#000000
19,41,186,#4D3D26,#000000
20,41,0,#000000,#000000
21,41,186,#4D3D26,#000000
22,41,0,#000000,#000000
23,41,0,#000000,#000000
24,41,0,#000000,#000000
25,41,0,#000000,#000000
26,41,0,#000000,#000000
27,41,0,#000000,#000000
28,41,0,#000000,#000000
29,41,0,#000000,#000000
30,41,0,#000000,#000000
31,41,0,#000000,#000000
32,41,0,#000000,#000000
33,41,0,#000000,#000000
34,41,0,#000000,#000000
35,41,0,#000000,#000000
36,41,0,#000000,#000000
37,41,0,#000000,#000000
38,41,0,#000000,#000000
39,41,0,#000000,#000000
40,41,0,#000000,#000000
41,41,0,#000000,#000000
42,41,0,#000000,#000000
43,41,0,#000000,#000000
44,41,0,#000000,#000000
45,41,0,#000000,#000000
46,41,0,#000000,#000000
47,41,0,#000000,#000000
48,41,0,#000000,#000000
49,41,0,#000000,#000000
50,41,0,#000000,#000000
51,41,0,#000000,#000000
52,41,0,#000000,#000000
53,41,0,#000000,#000000
54,41,0,#000000,#000000
55,41,176,#004020,#000000
56,41,176,#004020,#000000
57,41,177,#004020,#000000
58,41,177,#004020,#000000
59,41,176,#004020,#000000
60,41,176,#004020,#000000
61,41,176,#004020,#000000
62,41,176,#004020,#000000
63,41,176,#004020,#000000
64,41,176,#004020,#000000
65,41,176,#004020,#000000
66,41,176,#004020,#000000
67,41,176,#004020,#000000
68,41,176,#004020,#000000
69,41,176,#004020,#000000
70,41,176,#004020,#000000
71,41,176,#004020,#000000
72,41,177,#004020,#000000
73,41,177,#004020,#000000
74,41,176,#004020,#000000
75,41,176,#004020,#000000
76,41,0,#004020,#000000
77,41,0,#000000,#000000
78,41,0,#000000,#000000
79,41,0,#000000,#000000
80,41,0,#000000,#000000
81,41,0,#000000,#000000
82,41,0,#000000,#000000
83,41,0,#000000,#000000
84,41,0,#000000,#000000
85,41,0,#000000,#000000
86,41,0,#000000,#000000
87,41,0,#000000,#000000
88,41,0,#000000,#000000
89,41,0,#000000,#000000
90,41,0,#000000,#000000
91,41,0,#000000,#000000
92,41,0,#000000,#000000
93,41,0,#000000,#000000
94,41,0,#000000,#000000
95,41,0,#000000,#000000
96,41,0,#000000,#000000
97,41,0,#000000,#000000
98,41,0,#000000,#000000
99,41,0,#000000,#000000
0,42,0,#000000,#000000
1,42,0,#000000,#000000
2,42,0,#000000,#000000
3,42,0,#000000,#000000
4,42,0,#000000,#000000
5,42,0,#000000,#000000
6,42,0,#000000,#000000
7,42,0,#000000,#000000
8,42,0,#000000,#000000
9,42,0,#000000,#000000
10,42,0,#000000,#000000
11,42,0,#000000,#000000
12,42,0,#000000,#000000
13,42,0,#000000,#000000
14,42,0,#000000,#000000
15,42,0,#000000,#000000
16,42,0,#000000,#000000
17,42,0,#000000,#000000
18,42,0,#000000,#000000
19,42,0,#000000,#000000
20,42,0,#000000,#000000
21,42,0,#000000,#000000
22,42,0,#000000,#000000
23,42,0,#000000,#000000
24,42,0,#000000,#000000
25,42,0,#000000,#000000
26,42,0,#000000,#000000
27,42,0,#000000,#000000
28,42,0,#000000,#000000
29,42,0,#000000,#000000
30,42,0,#000000,#000000
31,42,0,#000000,#000000
32,42,0,#000000,#000000
33,42,0,#000000,#000000
34,42,0,#000000,#000000
35,42,0,#000000,#000000
36,42,0,#000000,#000000
37,42,0,#000000,#000000
38,42,0,#000000,#000000
39,42,0,#000000,#000000
40,42,0,#000000,#000000
41,42,0,#000000,#000000
42,42,0,#000000,#000000
43,42,0,#000000,#000000
44,42,0,#000000,#000000
45,42,0,#000000,#000000
46,42,0,#000000,#000000
47,42,0,#000000,#000000
48,42,0,#000000,#000000
49,42,0,#000000,#000000
50,42,0,#000000,#000000
51,42,0,#000000,#000000
52,42,0,#000000,#000000
53,42,0,#000000,#000000
54,42,176,#004020,#000000
55,42,176,#004020,#000000
56,42,177,#004020,#000000
57,42,176,#004020,#000000
58,42,176,#004020,#000000
59,42,176,#004020,#000000
60,42,176,#004020,#000000
61,42,176,#004020,#000000
62,42,0,#000000,#000000
63,42,186,#33291A,#000000
64,42,0,#33291A,#000000
65,42,0,#33291A,#000000
66,42,0,#000000,#000000
67,42,0,#000000,#000000
68,42,0,#000000,#000000
69,42,186,#33291A,#000000
70,42,32,#000000,#000000
71,42,0,#004020,#000000
72,42,176,#004020,#000000
73,42,176,#004020,#000000
74,42,176,#004020,#000000
75,42,176,#004020,#000000
76,42,176,#004020,#000000
77,42,0,#004020,#000000
78,42,0,#000000,#000000
79,42,0,#000000,#000000
80,42,0,#000000,#000000
81,42,0,#000000,#000000
82,42,0,#000000,#000000
83,42,0,#000000,#000000
84,42,0,#000000,#000000
85,42,0,#000000,#000000
86,42,0,#000000,#000000
87,42,0,#000000,#000000
88,42,0,#000000,#000000
89,42,0,#000000,#000000
90,42,0,#000000,#000000
91,42,0,#000000,#000000
92,42,0,#000000,#000000
93,42,0,#000000,#000000
94,42,0,#000000,#000000
95,42,0,#000000,#000000
96,42,0,#000000,#000000
97,42,0,#000000,#000000
98,42,0,#000000,#000000
99,42,0,#000000,#000000
0,43,0,#000000,#000000
1,43,0,#000000,#000000
2,43,0,#000000,#000000
3,43,0,#000000,#000000
4,43,0,#000000,#000000
5,43,0,#000000,#000000
6,43,0,#000000,#000000
7,43,0,#000000,#000000
8,43,0,#000000,#000000
9,43,0,#000000,#000000
10,43,0,#000000,#000000
11,43,0,#000000,#000000
12,43,0,#000000,#000000
13,43,0,#000000,#000000
14,43,0,#000000,#000000
15,43,0,#000000,#000000
16,43,0,#000000,#000000
17,43,0,#000000,#000000
18,43,0,#000000,#000000
19,43,0,#000000,#000000
20,43,0,#000000,#000000
21,43,0,#000000,#000000
22,43,0,#000000,#000000
23,43,0,#000000,#000000
24,43,0,#000000,#000000
25,43,0,#000000,#000000
26,43,0,#000000,#000000
27,43,0,#000000,#000000
28,43,0,#000000,#000000
29,43,0,#000000,#000000
30,43,0,#000000,#000000
31,43,0,#000000,#000000
32,43,0,#000000,#000000
33,43,0,#000000,#000000
34,43,0,#000000,#000000
35,43,0,#000000,#000000
36,43,0,#000000,#000000
37,43,0,#000000,#000000
38,43,0,#000000,#000000
39,43,0,#000000,#000000
40,43,0,#000000,#000000
41,43,0,#000000,#000000
42,43,0,#000000,#000000
43,43,0,#000000,#000000
44,43,0,#000000,#000000
45,43,0,#000000,#000000
46,43,0,#000000,#000000
47,43,0,#000000,#000000
48,43,0,#000000,#000000
49,43,0,#000000,#000000
50,43,0,#000000,#000000
51,43,0,#000000,#000000
52,43,176,#004020,#000000
53,43,176,#004020,#000000
54,43,176,#004020,#000000
55,43,176,#004020,#000000
56,43,176,#004020,#000000
57,43,176,#004020,#000000
58,43,176,#004020,#000000
59,43,0,#000000,#000000
60,43,0,#000000,#000000
61,43,0,#33291A,#000000
62,43,0,#000000,#000000
63,43,186,#33291A,#000000
64,43,0,#33291A,#000000
65,43,0,#000000,#000000
66,43,0,#000000,#000000
67,43,0,#000000,#000000
68,43,0,#000000,#000000
69,43,186,#33291A,#000000
70,43,0,#004020,#000000
71,43,0,#004020,#000000
72,43,0,#004020,#000000
73,43,0,#004020,#000000
74,43,176,#004020,#000000
75,43,176,#004020,#000000
76,43,176,#004020,#000000
77,43,176,#004020,#000000
78,43,0,#004020,#000000
79,43,0,#004020,#000000
80,43,0,#000000,#000000
81,43,0,#000000,#000000
82,43,0,#000000,#000000
83,43,0,#000000,#000000
84,43,0,#000000,#000000
85,43,0,#000000,#000000
86,43,0,#000000,#000000
87,43,0,#000000,#000000
88,43,0,#000000,#000000
89,43,0,#000000,#000000
90,43,0,#000000,#000000
91,43,0,#000000,#000000
92,43,0,#000000,#000000
93,43,0,#000000,#000000
94,43,0,#000000,#000000
95,43,0,#000000,#000000
96,43,0,#000000,#000000
97,43,0,#000000,#000000
98,43,0,#000000,#000000
99,43,0,#000000,#000000
0,44,0,#000000,#000000
1,44,0,#000000,#000000
2,44,0,#000000,#000000
3,44,0,#000000,#000000
4,44,0,#000000,#000000
5,44,0,#000000,#000000
6,44,0,#000000,#000000
7,44,0,#000000,#000000
8,44,0,#000000,#000000
9,44,0,#000000,#000000
10,44,0,#000000,#000000
11,44,0,#000000,#000000
12,44,0,#000000,#000000
13,44,0,#000000,#000000
14,44,0,#000000,#000000
15,44,0,#000000,#000000
16,44,0,#000000,#000000
17,44,0,#000000,#000000
18,44,0,#000000,#000000
19,44,0,#000000,#000000
20,44,0,#000000,#000000
21,44,0,#000000,#000000
22,44,0,#000000,#000000
23,44,0,#000000,#000000
24,44,0,#000000,#000000
25,44,0,#000000,#000000
26,44,0,#000000,#000000
27,44,0,#000000,#000000
28,44,0,#000000,#000000
29,44,0,#000000,#000000
30,44,0,#000000,#000000
31,44,0,#000000,#000000
32,44,0,#000000,#000000
33,44,0,#000000,#000000
34,44,0,#000000,#000000
35,44,0,#000000,#000000
36,44,0,#000000,#000000
37,44,0,#000000,#000000
38,44,0,#000000,#000000
39,44,0,#000000,#000000
40,44,0,#000000,#000000
41,44,0,#000000,#000000
42,44,0,#000000,#000000
43,44,0,#000000,#000000
44,44,0,#000000,#000000
45,44,0,#000000,#000000
46,44,0,#000000,#000000
47,44,0,#000000,#000000
48,44,0,#000000,#000000
49,44,0,#000000,#000000
50,44,0,#000000,#000000
51,44,0,#000000,#000000
52,44,0,#000000,#000000
53,44,176,#004020,#000000
54,44,0,#000000,#000000
55,44,0,#000000,#000000
56,44,0,#000000,#000000
57,44,0,#000000,#000000
58,44,0,#000000,#000000
59,44,0,#000000,#000000
60,44,0,#000000,#000000
61,44,0,#000000,#000000
62,44,0,#000000,#000000
63,44,186,#33291A,#000000
64,44,0,#000000,#000000
65,44,0,#000000,#000000
66,44,0,#000000,#000000
67,44,0,#000000,#000000
68,44,0,#000000,#000000
69,44,186,#33291A,#000000
70,44,32,#000000,#000000
71,44,0,#004020,#000000
72,44,0,#004020,#000000
73,44,0,#004020,#000000
74,44,0,#004020,#000000
75,44,0,#004020,#000000
76,44,0,#004020,#000000
77,44,0,#004020,#000000
78,44,0,#004020,#000000
79,44,0,#004020,#000000
80,44,0,#004020,#000000
81,44,0,#000000,#000000
82,44,0,#000000,#000000
83,44,0,#000000,#000000
84,44,0,#000000,#000000
85,44,0,#000000,#000000
86,44,0,#000000,#000000
87,44,0,#000000,#000000
88,44,0,#000000,#000000
89,44,0,#000000,#000000
90,44,0,#000000,#000000
91,44,0,#000000,#000000
92,44,0,#000000,#000000
93,44,0,#000000,#000000
94,44,0,#000000,#000000
95,44,0,#000000,#000000
96,44,0,#000000,#000000
97,44,0,#000000,#000000
98,44,0,#000000,#000000
99,44,0,#000000,#000000
0,45,0,#000000,#000000
1,45,0,#000000,#000000
2,45,0,#000000,#000000
3,45,0,#000000,#000000
4,45,0,#000000,#000000
5,45,0,#000000,#000000
6,45,0,#000000,#000000
7,45,0,#000000,#000000
8,45,0,#000000,#000000
9,45,0,#000000,#000000
10,45,0,#000000,#000000
11,45,0,#000000,#000000
12,45,0,#000000,#000000
13,45,0,#000000,#000000
14,45,0,#000000,#000000
15,45,0,#000000,#000000
16,45,0,#000000,#000000
17,45,0,#000000,#000000
18,45,0,#000000,#000000
19,45,0,#000000,#000000
20,45,0,#000000,#000000
21,45,0,#000000,#000000
22,45,0,#000000,#000000
23,45,0,#000000,#000000
24,45,0,#000000,#000000
25,45,0,#000000,#000000
26,45,0,#000000,#000000
27,45,0,#000000,#000000
28,45,0,#000000,#000000
29,45,0,#000000,#000000
30,45,0,#000000,#000000
31,45,0,#000000,#000000
32,45,0,#000000,#000000
33,45,0,#000000,#000000
34,45,0,#000000,#000000
35,45,0,#000000,#000000
36,45,0,#000000,#000000
37,45,0,#000000,#000000
38,45,0,#000000,#000000
39,45,0,#000000,#000000
40,45,0,#000000,#000000
41,45,0,#000000,#000000
42,45,0,#000000,#000000
43,45,0,#000000,#000000
44,45,0,#000000,#000000
45,45,0,#000000,#000000
46,45,0,#000000,#000000
47,45,0,#000000,#000000
48,45,0,#000000,#000000
49,45,0,#000000,#000000
50,45,0,#000000,#000000
51,45,0,#000000,#000000
52,45,0,#000000,#000000
53,45,0,#000000,#000000
54,45,0,#000000,#000000
55,45,0,#000000,#000000
56,45,0,#000000,#000000
57,45,0,#000000,#000000
58,45,0,#000000,#000000
59,45,0,#000000,#000000
60,45,0,#000000,#000000
61,45,0,#000000,#000000
62,45,0,#000000,#000000
63,45,186,#33291A,#000000
64,45,0,#000000,#000000
65,45,0,#000000,#000000
66,45,0,#000000,#000000
67,45,0,#000000,#000000
68,45,0,#004020,#000000
69,45,186,#33291A,#000000
70,45,0,#004020,#000000
71,45,0,#004020,#000000
72,45,0,#004020,#000000
73,45,0,#004020,#000000
74,45,0,#004020,#000000
75,45,0,#004020,#000000
76,45,0,#004020,#000000
77,45,0,#004020,#000000
78,45,0,#004020,#000000
79,45,0,#000000,#000000
80,45,0,#000000,#000000
81,45,0,#000000,#000000
82,45,0,#000000,#000000
83,45,0,#000000,#000000
84,45,0,#000000,#000000
85,45,0,#000000,#000000
86,45,0,#000000,#000000
87,45,0,#000000,#000000
88,45,0,#000000,#000000
89,45,0,#000000,#000000
90,45,0,#000000,#000000
91,45,0,#000000,#000000
92,45,0,#000000,#000000
93,45,0,#000000,#000000
94,45,0,#000000,#000000
95,45,0,#000000,#000000
96,45,0,#000000,#000000
97,45,0,#000000,#000000
98,45,0,#000000,#000000
99,45,0,#000000,#000000
0,46,0,#000000,#000000
1,46,0,#000000,#000000
2,46,0,#000000,#000000
3,46,0,#000000,#000000
4,46,0,#000000,#000000
5,46,0,#000000,#000000
6,46,0,#000000,#000000
7,46,0,#000000,#000000
8,46,0,#000000,#000000
9,46,0,#000000,#000000
10,46,0,#000000,#000000
11,46,0,#000000,#000000
12,46,0,#000000,#000000
13,46,0,#000000,#000000
14,46,0,#000000,#000000
15,46,0,#000000,#000000
16,46,0,#000000,#000000
17,46,0,#000000,#000000
18,46,0,#000000,#000000
19,46,0,#000000,#000000
20,46,0,#000000,#000000
21,46,0,#000000,#000000
22,46,0,#000000,#000000
23,46,0,#000000,#000000
24,46,0,#000000,#000000
25,46,0,#000000,#000000
26,46,0,#000000,#000000
27,46,0,#000000,#000000
28,46,0,#000000,#000000
29,46,0,#000000,#000000
30,46,0,#000000,#000000
31,46,0,#000000,#000000
32,46,0,#000000,#000000
33,46,0,#000000,#000000
34,46,0,#000000,#000000
35,46,0,#000000,#000000
36,46,0,#000000,#000000
37,46,0,#000000,#000000
38,46,0,#000000,#000000
39,46,0,#000000,#000000
40,46,0,#000000,#000000
41,46,0,#000000,#000000
42,46,0,#000000,#000000
43,46,0,#000000,#000000
44,46,0,#000000,#000000
45,46,0,#000000,#000000
46,46,0,#000000,#000000
47,46,0,#000000,#000000
48,46,0,#000000,#000000
49,46,0,#000000,#000000
50,46,0,#000000,#000000
51,46,0,#000000,#000000
52,46,0,#000000,#000000
53,46,0,#000000,#000000
54,46,0,#000000,#000000
55,46,0,#000000,#000000
56,46,0,#000000,#000000
57,46,0,#000000,#000000
58,46,0,#000000,#000000
59,46,0,#000000,#000000
60,46,0,#000000,#000000
61,46,0,#000000,#000000
62,46,0,#000000,#000000
63,46,186,#33291A,#000000
64,46,0,#000000,#000000
65,46,0,#000000,#000000
66,46,0,#000000,#000000
67,46,0,#000000,#000000
68,46,0,#000000,#000000
69,46,186,#33291A,#000000
70,46,0,#000000,#000000
71,46,0,#000000,#000000
72,46,0,#000000,#000000
73,46,0,#000000,#000000
74,46,0,#004020,#000000
75,46,0,#004020,#000000
76,46,0,#004020,#000000
77,46,0,#004020,#000000
78,46,0,#004020,#000000
79,46,0,#000000,#000000
80,46,0,#000000,#000000
81,46,0,#000000,#000000
82,46,0,#000000,#000000
83,46,0,#000000,#000000
84,46,0,#000000,#000000
85,46,0,#000000,#000000
86,46,0,#000000,#000000
87,46,0,#000000,#000000
88,46,0,#000000,#000000
89,46,0,#000000,#000000
90,46,0,#000000,#000000
91,46,0,#000000,#000000
92,46,0,#000000,#000000
93,46,0,#000000,#000000
94,46,0,#000000,#000000
95,46,0,#000000,#000000
96,46,0,#000000,#000000
97,46,0,#000000,#000000
98,46,0,#000000,#000000
99,46,0,#000000,#000000
0,47,0,#000000,#000000
1,47,0,#000000,#000000
2,47,0,#000000,#000000
3,47,0,#000000,#000000
4,47,0,#000000,#000000
5,47,0,#000000,#000000
6,47,0,#000000,#000000
7,47,0,#000000,#000000
8,47,0,#000000,#000000
9,47,0,#000000,#000000
10,47,0,#000000,#000000
11,47,0,#000000,#000000
12,47,0,#000000,#000000
13,47,0,#000000,#000000
14,47,0,#000000,#000000
15,47,0,#000000,#000000
16,47,0,#000000,#000000
17,47,0,#000000,#000000
18,47,0,#000000,#000000
19,47,0,#000000,#000000
20,47,0,#000000,#000000
21,47,0,#000000,#000000
22,47,0,#000000,#000000
23,47,0,#000000,#000000
24,47,0,#000000,#000000
25,47,0,#000000,#000000
26,47,0,#000000,#000000
27,47,0,#000000,#000000
28,47,0,#000000,#000000
29,47,0,#000000,#000000
30,47,0,#000000,#000000
31,47,0,#000000,#000000
32,47,0,#000000,#000000
33,47,0,#000000,#000000
34,47,0,#000000,#000000
35,47,0,#000000,#000000
36,47,0,#000000,#000000
37,47,0,#000000,#000000
38,47,0,#000000,#000000
39,47,0,#000000,#000000
40,47,0,#000000,#000000
41,47,0,#000000,#000000
42,47,0,#000000,#000000
43,47,0,#000000,#000000
44,47,0,#000000,#000000
45,47,0,#000000,#000000
46,47,0,#000000,#000000
47,47,0,#000000,#000000
48,47,0,#000000,#000000
49,47,0,#000000,#000000
50,47,0,#000000,#000000
51,47,0,#000000,#000000
52,47,0,#000000,#000000
53,47,0,#000000,#000000
54,47,0,#000000,#000000
55,47,0,#000000,#000000
56,47,0,#000000,#000000
57,47,0,#000000,#000000
58,47,0,#000000,#000000
59,47,0,#000000,#000000
60,47,0,#000000,#000000
61,47,0,#000000,#000000
62,47,0,#000000,#000000
63,47,0,#000000,#000000
64,47,0,#000000,#000000
65,47,0,#000000,#000000
66,47,0,#000000,#000000
67,47,0,#000000,#000000
68,47,0,#000000,#000000
69,47,0,#000000,#000000
70,47,0,#000000,#000000
71,47,0,#000000,#000000
72,47,0,#000000,#000000
73,47,0,#000000,#000000
74,47,0,#000000,#000000
75,47,0,#000000,#000000
76,47,0,#004020,#000000
77,47,0,#004020,#000000
78,47,0,#004020,#000000
79,47,0,#004020,#000000
80,47,0,#000000,#000000
81,47,0,#000000,#000000
82,47,0,#000000,#000000
83,47,0,#000000,#000000
84,47,0,#000000,#000000
85,47,0,#000000,#000000
86,47,0,#000000,#000000
87,47,0,#000000,#000000
88,47,0,#000000,#000000
89,47,0,#000000,#000000
90,47,0,#000000,#000000
91,47,0,#000000,#000000
92,47,0,#000000,#000000
93,47,0,#000000,#000000
94,47,0,#000000,#000000
95,47,0,#000000,#000000
96,47,0,#000000,#000000
97,47,0,#000000,#000000
98,47,0,#000000,#000000
99,47,0,#000000,#000000
0,48,0,#000000,#000000
1,48,0,#000000,#000000
2,48,0,#000000,#000000
3,48,0,#000000,#000000
4,48,0,#000000,#000000
5,48,0,#000000,#000000
6,48,0,#000000,#000000
7,48,0,#000000,#000000
8,48,0,#000000,#000000
9,48,0,#000000,#000000
10,48,0,#000000,#000000
11,48,0,#000000,#000000
12,48,0,#000000,#000000
13,48,0,#000000,#000000
14,48,0,#000000,#000000
15,48,0,#000000,#000000
16,48,0,#000000,#000000
17,48,0,#000000,#000000
18,48,0,#000000,#000000
19,48,0,#000000,#000000
20,48,0,#000000,#000000
21,48,0,#000000,#000000
22,48,0,#000000,#000000
23,48,0,#000000,#000000
24,48,0,#000000,#000000
25,48,0,#000000,#000000
26,48,0,#000000,#000000
27,48,0,#000000,#000000
28,48,0,#000000,#000000
29,48,0,#000000,#000000
30,48,0,#000000,#000000
31,48,0,#000000,#000000
32,48,0,#000000,#000000
33,48,0,#000000,#000000
34,48,0,#000000,#000000
35,48,0,#000000,#000000
36,48,0,#000000,#000000
37,48,0,#000000,#000000
38,48,0,#000000,#000000
39,48,0,#000000,#000000
40,48,0,#000000,#000000
41,48,0,#000000,#000000
42,48,0,#000000,#000000
43,48,0,#000000,#000000
44,48,0,#000000,#000000
45,48,0,#000000,#000000
46,48,0,#000000,#000000
47,48,0,#000000,#000000
48,48,0,#000000,#000000
49,48,0,#000000,#000000
50,48,0,#000000,#000000
51,48,0,#000000,#000000
52,48,0,#000000,#000000
53,48,0,#000000,#000000
54,48,0,#000000,#000000
55,48,0,#000000,#000000
56,48,0,#000000,#000000
57,48,0,#000000,#000000
58,48,0,#000000,#000000
59,48,0,#000000,#000000
60,48,0,#000000,#000000
61,48,0,#000000,#000000
62,48,0,#000000,#000000
63,48,0,#000000,#000000
64,48,0,#000000,#000000
65,48,0,#000000,#000000
66,48,0,#000000,#000000
67,48,0,#000000,#000000
68,48,0,#000000,#000000
69,48,0,#000000,#000000
70,48,0,#000000,#000000
71,48,0,#000000,#000000
72,48,0,#000000,#000000
73,48,0,#000000,#000000
74,48,0,#000000,#000000
75,48,0,#000000,#000000
76,48,0,#004020,#000000
77,48,0,#000000,#000000
78,48,0,#000000,#000000
79,48,0,#000000,#000000
80,48,0,#000000,#000000
81,48,0,#000000,#000000
82,48,0,#000000,#000000
83,48,0,#000000,#000000
84,48,0,#000000,#000000
85,48,0,#000000,#000000
86,48,0,#000000,#000000
87,48,0,#000000,#000000
88,48,0,#000000,#000000
89,48,0,#000000,#000000
90,48,0,#000000,#000000
91,48,0,#000000,#000000
92,48,0,#000000,#000000
93,48,0,#000000,#000000
94,48,0,#000000,#000000
95,48,0,#000000,#000000
96,48,0,#000000,#000000
97,48,0,#000000,#000000
98,48,0,#000000,#000000
99,48,0,#000000,#000000
0,49,0,#000000,#000000
1,49,0,#000000,#000000
2,49,0,#000000,#000000
3,49,0,#000000,#000000
4,49,0,#000000,#000000
5,49,0,#000000,#000000
6,49,0,#000000,#000000
7,49,0,#000000,#000000
8,49,0,#000000,#000000
9,49,0,#000000,#000000
10,49,0,#000000,#000000
11,49,0,#000000,#000000
12,49,0,#000000,#000000
13,49,0,#000000,#000000
14,49,0,#000000,#000000
15,49,0,#000000,#000000
16,49,0,#000000,#000000
17,49,0,#000000,#000000
18,49,0,#000000,#000000
19,49,0,#000000,#000000
20,49,0,#000000,#000000
21,49,0,#000000,#000000
22,49,0,#000000,#000000
23,49,0,#000000,#000000
24,49,0,#000000,#000000
25,49,0,#000000,#000000
26,49,0,#000000,#000000
27,49,0,#000000,#000000
28,49,0,#000000,#000000
29,49,0,#000000,#000000
30,49,0,#000000,#000000
31,49,0,#000000,#000000
32,49,0,#000000,#000000
33,49,0,#000000,#000000
34,49,0,#000000,#000000
35,49,0,#000000,#000000
36,49,0,#000000,#000000
37,49,0,#000000,#000000
38,49,0,#000000,#000000
39,49,0,#000000,#000000
40,49,0,#000000,#000000
41,49,0,#000000,#000000
42,49,0,#000000,#000000
43,49,0,#000000,#000000
44,49,0,#000000,#000000
45,49,0,#000000,#000000
46,49,0,#000000,#000000
47,49,0,#000000,#000000
48,49,0,#000000,#000000
49,49,0,#000000,#000000
50,49,0,#000000,#000000
51,49,0,#000000,#000000
52,49,0,#000000,#000000
53,49,0,#000000,#000000
54,49,0,#000000,#000000
55,49,0,#000000,#000000
56,49,0,#000000,#000000
57,49,0,#000000,#000000
58,49,0,#000000,#000000
59,49,0,#000000,#000000
60,49,0,#000000,#000000
61,49,0,#000000,#000000
62,49,0,#000000,#000000
63,49,0,#000000,#000000
64,49,0,#000000,#000000
65,49,0,#000000,#000000
66,49,0,#000000,#000000
67,49,0,#000000,#000000
68,49,0,#000000,#000000
69,49,0,#000000,#000000
70,49,0,#000000,#000000
71,49,0,#000000,#000000
72,49,0,#000000,#000000
73,49,0,#000000,#000000
74,49,0,#000000,#000000
75,49,0,#000000,#000000
76,49,0,#000000,#000000
77,49,0,#004020,#000000
78,49,0,#000000,#000000
79,49,0,#000000,#000000
80,49,0,#000000,#000000
81,49,0,#000000,#000000
82,49,0,#000000,#000000
83,49,0,#000000,#000000
84,49,0,#000000,#000000
85,49,0,#000000,#000000
86,49,0,#000000,#000000
87,49,0,#000000,#000000
88,49,0,#000000,#000000
89,49,0,#000000,#000000
90,49,0,#000000,#000000
91,49,0,#000000,#000000
92,49,0,#000000,#000000
93,49,0,#000000,#000000
94,49,0,#000000,#000000
95,49,0,#000000,#000000
96,49,0,#000000,#000000
97,49,0,#000000,#000000
98,49,0,#000000,#000000
99,49,0,#000000,#000000
0,50,0,#000000,#000000
1,50,0,#000000,#000000
2,50,0,#000000,#000000
3,50,0,#000000,#000000
4,50,0,#000000,#000000
5,50,0,#000000,#000000
6,50,0,#000000,#000000
7,50,0,#000000,#000000
8,50,0,#000000,#000000
9,50,0,#000000,#000000
10,50,0,#000000,#000000
11,50,0,#000000,#000000
12,50,0,#000000,#000000
13,50,0,#000000,#000000
14,50,0,#000000,#000000
15,50,0,#000000,#000000
16,50,0,#000000,#000000
17,50,0,#000000,#000000
18,50,0,#000000,#000000
19,50,0,#000000,#000000
20,50,0,#000000,#000000
21,50,0,#000000,#000000
22,50,0,#000000,#000000
23,50,0,#000000,#000000
24,50,0,#000000,#000000
25,50,0,#000000,#000000
26,50,0,#000000,#000000
27,50,0,#000000,#000000
28,50,0,#000000,#000000
29,50,0,#000000,#000000
30,50,0,#000000,#000000
31,50,0,#000000,#000000
32,50,0,#000000,#000000
33,50,0,#000000,#000000
34,50,0,#000000,#000000
35,50,0,#000000,#000000
36,50,0,#000000,#000000
37,50,0,#000000,#000000
38,50,0,#000000,#000000
39,50,0,#000000,#000000
40,50,0,#000000,#000000
41,50,0,#000000,#000000
42,50,0,#000000,#000000
43,50,0,#000000,#000000
44,50,0,#000000,#000000
45,50,0,#000000,#000000
46,50,0,#000000,#000000
47,50,0,#000000,#000000
48,50,0,#000000,#000000
49,50,0,#000000,#000000
50,50,0,#000000,#000000
51,50,0,#000000,#000000
52,50,0,#000000,#000000
53,50,0,#000000,#000000
54,50,0,#000000,#000000
55,50,0,#000000,#000000
56,50,0,#000000,#000000
57,50,0,#000000,#000000
58,50,0,#000000,#000000
59,50,0,#000000,#000000
60,50,0,#000000,#000000
61,50,0,#000000,#000000
62,50,0,#000000,#000000
63,50,0,#000000,#000000
64,50,0,#000000,#000000
65,50,0,#000000,#000000
66,50,0,#000000,#000000
67,50,0,#000000,#000000
68,50,0,#000000,#000000
69,50,0,#000000,#000000
70,50,0,#000000,#000000
71,50,0,#000000,#000000
72,50,0,#000000,#000000
73,50,0,#000000,#000000
74,50,0,#000000,#000000
75,50,0,#000000,#000000
76,50,0,#000000,#000000
77,50,0,#004020,#000000
78,50,0,#000000,#000000
79,50,0,#000000,#000000
80,50,0,#000000,#000000
81,50,0,#000000,#000000
82,50,0,#000000,#000000
83,50,0,#000000,#000000
84,50,0,#000000,#000000
85,50,0,#000000,#000000
86,50,0,#000000,#000000
87,50,0,#000000,#000000
88,50,0,#000000,#000000
89,50,0,#000000,#000000
90,50,0,#000000,#000000
91,50,0,#000000,#000000
92,50,0,#000000,#000000
93,50,0,#000000,#000000
94,50,0,#000000,#000000
95,50,0,#000000,#000000
96,50,0,#000000,#000000
97,50,0,#000000,#000000
98,50,0,#000000,#000000
99,50,0,#000000,#000000
0,51,0,#000000,#000000
1,51,0,#000000,#000000
2,51,0,#000000,#000000
3,51,0,#000000,#000000
4,51,0,#000000,#000000
5,51,0,#000000,#000000
6,51,0,#000000,#000000
7,51,0,#000000,#000000
8,51,0,#000000,#000000
9,51,0,#000000,#000000
10,51,0,#000000,#000000
11,51,0,#000000,#000000
12,51,0,#000000,#000000
13,51,0,#000000,#000000
14,51,0,#000000,#000000
15,51,0,#000000,#000000
16,51,0,#000000,#000000
17,51,0,#000000,#000000
18,51,0,#000000,#000000
19,51,0,#000000,#000000
20,51,0,#000000,#000000
21,51,0,#000000,#000000
22,51,0,#000000,#000000
23,51,0,#000000,#000000
24,51,0,#000000,#000000
25,51,0,#000000,#000000
26,51,0,#000000,#000000
27,51,0,#000000,#000000
28,51,0,#000000,#000000
29,51,0,#000000,#000000
30,51,0,#000000,#000000
31,51,0,#000000,#000000
32,51,0,#000000,#000000
33,51,0,#000000,#000000
34,51,0,#000000,#000000
35,51,0,#000000,#000000
36,51,0,#000000,#000000
37,51,0,#000000,#000000
38,51,0,#000000,#000000
39,51,0,#000000,#000000
40,51,0,#000000,#000000
41,51,0,#000000,#000000
42,51,0,#000000,#000000
43,51,0,#000000,#000000
44,51,0,#000000,#000000
45,51,0,#000000,#000000
46,51,0,#000000,#000000
47,51,0,#000000,#000000
48,51,0,#000000,#000000
49,51,0,#000000,#000000
50,51,0,#000000,#000000
51,51,0,#000000,#000000
52,51,0,#000000,#000000
53,51,0,#000000,#000000
54,51,0,#000000,#000000
55,51,0,#000000,#000000
56,51,0,#000000,#000000
57,51,0,#000000,#000000
58,51,0,#000000,#000000
59,51,0,#000000,#000000
60,51,0,#000000,#000000
61,51,0,#000000,#000000
62,51,0,#000000,#000000
63,51,0,#000000,#000000
64,51,0,#000000,#000000
65,51,0,#000000,#000000
66,51,0,#000000,#000000
67,51,0,#000000,#000000
68,51,0,#000000,#000000
69,51,0,#000000,#000000
70,51,0,#000000,#000000
71,51,0,#000000,#000000
72,51,0,#000000,#000000
73,51,0,#000000,#000000
74,51,0,#000000,#000000
75,51,0,#000000,#000000
76,51,0,#000000,#000000
77,51,0,#000000,#000000
78,51,0,#000000,#000000
79,51,0,#000000,#000000
80,51,0,#000000,#000000
81,51,0,#000000,#000000
82,51,0,#000000,#000000
83,51,0,#000000,#000000
84,51,0,#000000,#000000
85,51,0,#000000,#000000
86,51,0,#000000,#000000
87,51,0,#000000,#000000
88,51,0,#000000,#000000
89,51,0,#000000,#000000
90,51,0,#000000,#000000
91,51,0,#000000,#000000
92,51,0,#000000,#000000
93,51,0,#000000,#000000
94,51,0,#000000,#000000
95,51,0,#000000,#000000
96,51,0,#000000,#000000
97,51,0,#000000,#000000
98,51,0,#000000,#000000
99,51,0,#000000,#000000
0,52,0,#000000,#000000
1,52,0,#000000,#000000
2,52,0,#000000,#000000
3,52,0,#000000,#000000
4,52,0,#000000,#000000
5,52,0,#000000,#000000
6,52,0,#000000,#000000
7,52,0,#000000,#000000
8,52,0,#000000,#000000
9,52,0,#000000,#000000
10,52,0,#000000,#000000
11,52,0,#000000,#000000
12,52,0,#000000,#000000
13,52,0,#000000,#000000
14,52,0,#000000,#000000
15,52,0,#000000,#000000
16,52,0,#000000,#000000
17,52,0,#000000,#000000
18,52,0,#000000,#000000
19,52,0,#000000,#000000
20,52,0,#000000,#000000
21,52,0,#000000,#000000
22,52,0,#000000,#000000
23,52,0,#000000,#000000
24,52,0,#000000,#000000
25,52,0,#000000,#000000
26,52,0,#000000,#000000
27,52,0,#000000,#000000
28,52,0,#000000,#000000
29,52,0,#000000,#000000
30,52,0,#000000,#000000
31,52,0,#000000,#000000
32,52,0,#000000,#000000
33,52,0,#000000,#000000
34,52,0,#000000,#000000
35,52,0,#000000,#000000
36,52,0,#000000,#000000
37,52,0,#000000,#000000
38,52,0,#000000,#000000
39,52,0,#000000,#000000
40,52,0,#000000,#000000
41,52,0,#000000,#000000
42,52,0,#000000,#000000
43,52,0,#000000,#000000
44,52,0,#000000,#000000
45,52,0,#000000,#000000
46,52,0,#000000,#000000
47,52,0,#000000,#000000
48,52,0,#000000,#000000
49,52,0,#000000,#000000
50,52,0,#000000,#000000
51,52,0,#000000,#000000
52,52,0,#000000,#000000
53,52,0,#000000,#000000
54,52,0,#000000,#000000
55,52,0,#000000,#000000
56,52,0,#000000,#000000
57,52,0,#000000,#000000
58,52,0,#000000,#000000
59,52,0,#000000,#000000
60,52,0,#000000,#000000
61,52,0,#000000,#000000
62,52,0,#000000,#000000
63,52,0,#000000,#000000
64,52,0,#000000,#000000
65,52,0,#000000,#000000
66,52,0,#000000,#000000
67,52,0,#000000,#000000
68,52,0,#000000,#000000
69,52,0,#000000,#000000
70,52,0,#000000,#000000
71,52,0,#000000,#000000
72,52,0,#000000,#000000
73,52,0,#000000,#000000
74,52,0,#000000,#000000
75,52,0,#000000,#000000
76,52,0,#000000,#000000
77,52,0,#000000,#000000
78,52,0,#000000,#000000
79,52,0,#000000,#000000
80,52,0,#000000,#000000
81,52,0,#000000,#000000
82,52,0,#000000,#000000
83,52,0,#000000,#000000
84,52,0,#000000,#000000
85,52,0,#000000,#000000
86,52,0,#000000,#000000
87,52,0,#000000,#000000
88,52,0,#000000,#000000
89,52,0,#000000,#000000
90,52,0,#000000,#000000
91,52,0,#000000,#000000
92,52,0,#000000,#000000
93,52,0,#000000,#000000
94,52,0,#000000,#000000
95,52,0,#000000,#000000
96,52,0,#000000,#000000
97,52,0,#000000,#000000
98,52,0,#000000,#000000
99,52,0,#000000,#000000
0,53,0,#000000,#000000
1,53,0,#000000,#000000
2,53,0,#000000,#000000
3,53,0,#000000,#000000
4,53,0,#000000,#000000
5,53,0,#000000,#000000
6,53,0,#000000,#000000
7,53,0,#000000,#000000
8,53,0,#000000,#000000
9,53,0,#000000,#000000
10,53,0,#000000,#000000
11,53,0,#000000,#000000
12,53,0,#000000,#000000
13,53,0,#000000,#000000
14,53,0,#000000,#000000
15,53,0,#000000,#000000
16,53,0,#000000,#000000
17,53,0,#000000,#000000
18,53,0,#000000,#000000
19,53,0,#000000,#000000
20,53,0,#000000,#000000
21,53,0,#000000,#000000
22,53,0,#000000,#000000
23,53,0,#000000,#000000
24,53,0,#000000,#000000
25,53,0,#000000,#000000
26,53,0,#000000,#000000
27,53,0,#000000,#000000
28,53,0,#000000,#000000
29,53,0,#000000,#000000
30,53,0,#000000,#000000
31,53,0,#000000,#000000
32,53,0,#000000,#000000
33,53,0,#000000,#000000
34,53,0,#000000,#000000
35,53,0,#000000,#000000
36,53,0,#000000,#000000
37,53,0,#000000,#000000
38,53,0,#000000,#000000
39,53,0,#000000,#000000
40,53,0,#000000,#000000
41,53,0,#000000,#000000
42,53,0,#000000,#000000
43,53,0,#000000,#000000
44,53,0,#000000,#000000
45,53,0,#000000,#000000
46,53,0,#000000,#000000
47,53,0,#000000,#000000
48,53,0,#000000,#000000
49,53,0,#000000,#000000
50,53,0,#000000,#000000
51,53,0,#000000,#000000
52,53,0,#000000,#000000
53,53,0,#000000,#000000
54,53,0,#000000,#000000
55,53,0,#000000,#000000
56,53,0,#000000,#000000
57,53,0,#000000,#000000
58,53,0,#000000,#000000
59,53,0,#000000,#000000
60,53,0,#000000,#000000
61,53,0,#000000,#000000
62,53,0,#000000,#000000
63,53,0,#000000,#000000
64,53,0,#000000,#000000
65,53,0,#000000,#000000
66,53,0,#000000,#000000
67,53,0,#000000,#000000
68,53,0,#000000,#000000
69,53,0,#000000,#000000
70,53,0,#000000,#000000
71,53,0,#000000,#000000
72,53,0,#000000,#000000
73,53,0,#000000,#000000
74,53,0,#000000,#000000
75,53,0,#000000,#000000
76,53,0,#000000,#000000
77,53,0,#000000,#000000
78,53,0,#000000,#000000
79,53,0,#000000,#000000
80,53,0,#000000,#000000
81,53,0,#000000,#000000
82,53,0,#000000,#000000
83,53,0,#000000,#000000
84,53,0,#000000,#000000
85,53,0,#000000,#000000
86,53,0,#000000,#000000
87,53,0,#000000,#000000
88,53,0,#000000,#000000
89,53,0,#000000,#000000
90,53,0,#000000,#000000
91,53,0,#000000,#000000
92,53,0,#000000,#000000
93,53,0,#000000,#000000
94,53,0,#000000,#000000
95,53,0,#000000,#000000
96,53,0,#000000,#000000
97,53,0,#000000,#000000
98,53,0,#000000,#000000
99,53,0,#000000,#000000
0,54,0,#000000,#000000
1,54,0,#000000,#000000
2,54,0,#000000,#000000
3,54,0,#000000,#000000
4,54,0,#000000,#000000
5,54,0,#000000,#000000
6,54,0,#000000,#000000
7,54,0,#000000,#000000
8,54,0,#000000,#000000
9,54,0,#000000,#000000
10,54,0,#000000,#000000
11,54,0,#000000,#000000
12,54,0,#000000,#000000
13,54,0,#000000,#000000
14,54,0,#000000,#000000
15,54,0,#000000,#000000
16,54,0,#000000,#000000
17,54,0,#000000,#000000
18,54,0,#000000,#000000
19,54,0,#000000,#000000
20,54,0,#000000,#000000
21,54,0,#000000,#000000
22,54,0,#000000,#000000
23,54,0,#000000,#000000
24,54,0,#000000,#000000
25,54,0,#000000,#000000
26,54,0,#000000,#000000
27,54,0,#000000,#000000
28,54,0,#000000,#000000
29,54,0,#000000,#000000
30,54,0,#000000,#000000
31,54,0,#000000,#000000
32,54,0,#000000,#000000
33,54,0,#000000,#000000
34,54,0,#000000,#000000
35,54,0,#000000,#000000
36,54,0,#000000,#000000
37,54,0,#000000,#000000
38,54,0,#000000,#000000
39,54,0,#000000,#000000
40,54,0,#000000,#000000
41,54,0,#000000,#000000
42,54,0,#000000,#000000
43,54,0,#000000,#000000
44,54,0,#000000,#000000
45,54,0,#000000,#000000
46,54,0,#000000,#000000
47,54,0,#000000,#000000
48,54,0,#000000,#000000
49,54,0,#000000,#000000
50,54,0,#000000,#000000
51,54,0,#000000,#000000
52,54,0,#000000,#000000
53,54,0,#000000,#000000
54,54,0,#000000,#000000
55,54,0,#000000,#000000
56,54,0,#000000,#000000
57,54,0,#000000,#000000
58,54,0,#000000,#000000
59,54,0,#000000,#000000
60,54,0,#000000,#000000
61,54,0,#000000,#000000
62,54,0,#000000,#000000
63,54,0,#000000,#000000
64,54,0,#000000,#000000
65,54,0,#000000,#000000
66,54,0,#000000,#000000
67,54,0,#000000,#000000
68,54,0,#000000,#000000
69,54,0,#000000,#000000
70,54,0,#000000,#000000
71,54,0,#000000,#000000
72,54,0,#000000,#000000
73,54,0,#000000,#000000
74,54,0,#000000,#000000
75,54,0,#000000,#000000
76,54,0,#000000,#000000
77,54,0,#000000,#000000
78,54,0,#000000,#000000
79,54,0,#000000,#000000
80,54,0,#000000,#000000
81,54,0,#000000,#000000
82,54,0,#000000,#000000
83,54,0,#000000,#000000
84,54,0,#000000,#000000
85,54,0,#000000,#000000
86,54,0,#000000,#000000
87,54,0,#000000,#000000
88,54,0,#000000,#000000
89,54,0,#000000,#000000
90,54,0,#000000,#000000
91,54,0,#000000,#000000
92,54,0,#000000,#000000
93,54,0,#000000,#000000
94,54,0,#000000,#000000
95,54,0,#000000,#000000
96,54,0,#000000,#000000
97,54,0,#000000,#000000
98,54,0,#000000,#000000
99,54,0,#000000,#000000
0,55,0,#000000,#000000
1,55,0,#000000,#000000
2,55,0,#000000,#000000
3,55,0,#000000,#000000
4,55,0,#000000,#000000
5,55,0,#000000,#000000
6,55,0,#000000,#000000
7,55,0,#000000,#000000
8,55,0,#000000,#000000
9,55,0,#000000,#000000
10,55,0,#000000,#000000
11,55,0,#000000,#000000
12,55,0,#000000,#000000
13,55,0,#000000,#000000
14,55,0,#000000,#000000
15,55,0,#000000,#000000
16,55,0,#000000,#000000
17,55,0,#000000,#000000
18,55,0,#000000,#000000
19,55,0,#000000,#000000
20,55,0,#000000,#000000
21,55,0,#000000,#000000
22,55,0,#000000,#000000
23,55,0,#000000,#000000
24,55,0,#000000,#000000
25,55,0,#000000,#000000
26,55,0,#000000,#000000
27,55,0,#000000,#000000
28,55,0,#000000,#000000
29,55,0,#000000,#000000
30,55,0,#000000,#000000
31,55,0,#000000,#000000
32,55,0,#000000,#000000
33,55,0,#000000,#000000
34,55,0,#000000,#000000
35,55,0,#000000,#000000
36,55,0,#000000,#000000
37,55,0,#000000,#000000
38,55,0,#000000,#000000
39,55,0,#000000,#000000
40,55,0,#000000,#000000
41,55,0,#000000,#000000
42,55,0,#000000,#000000
43,55,0,#000000,#000000
44,55,0,#000000,#000000
45,55,0,#000000,#000000
46,55,0,#000000,#000000
47,55,0,#000000,#000000
48,55,0,#000000,#000000
49,55,0,#000000,#000000
50,55,0,#000000,#000000
51,55,0,#000000,#000000
52,55,0,#000000,#000000
53,55,0,#000000,#000000
54,55,0,#000000,#000000
55,55,0,#000000,#000000
56,55,0,#000000,#000000
57,55,0,#000000,#000000
58,55,0,#000000,#000000
59,55,0,#000000,#000000
60,55,0,#000000,#000000
61,55,0,#000000,#000000
62,55,0,#000000,#000000
63,55,0,#000000,#000000
64,55,0,#000000,#000000
65,55,0,#000000,#000000
66,55,0,#000000,#000000
67,55,0,#000000,#000000
68,55,0,#000000,#000000
69,55,0,#000000,#000000
70,55,0,#000000,#000000
71,55,0,#000000,#000000
72,55,0,#000000,#000000
73,55,0,#000000,#000000
74,55,0,#000000,#000000
75,55,0,#000000,#000000
76,55,0,#000000,#000000
77,55,0,#000000,#000000
78,55,0,#000000,#000000
79,55,0,#000000,#000000
80,55,0,#000000,#000000
81,55,0,#000000,#000000
82,55,0,#000000,#000000
83,55,0,#000000,#000000
84,55,0,#000000,#000000
85,55,0,#000000,#000000
86,55,0,#000000,#000000
87,55,0,#000000,#000000
88,55,0,#000000,#000000
89,55,0,#000000,#000000
90,55,0,#000000,#000000
91,55,0,#000000,#000000
92,55,0,#000000,#000000
93,55,0,#000000,#000000
94,55,0,#000000,#000000
95,55,0,#000000,#000000
96,55,0,#000000,#000000
97,55,0,#000000,#000000
98,55,0,#000000,#000000
99,55,0,#000000,#000000
0,56,0,#000000,#000000
1,56,0,#000000,#000000
2,56,0,#000000,#000000
3,56,0,#000000,#000000
4,56,0,#000000,#000000
5,56,0,#000000,#000000
6,56,0,#000000,#000000
7,56,0,#000000,#000000
8,56,0,#000000,#000000
9,56,0,#000000,#000000
10,56,0,#000000,#000000
11,56,0,#000000,#000000
12,56,0,#000000,#000000
13,56,0,#000000,#000000
14,56,0,#000000,#000000
15,56,0,#000000,#000000
16,56,0,#000000,#000000
17,56,0,#000000,#000000
18,56,0,#000000,#000000
19,56,0,#000000,#000000
20,56,0,#000000,#000000
21,56,0,#000000,#000000
22,56,0,#000000,#000000
23,56,0,#000000,#000000
24,56,0,#000000,#000000
25,56,0,#000000,#000000
26,56,0,#000000,#000000
27,56,0,#000000,#000000
28,56,0,#000000,#000000
29,56,0,#000000,#000000
30,56,0,#000000,#000000
31,56,0,#000000,#000000
32,56,0,#000000,#000000
33,56,0,#000000,#000000
34,56,0,#000000,#000000
35,56,0,#000000,#000000
36,56,0,#000000,#000000
37,56,0,#000000,#000000
38,56,0,#000000,#000000
39,56,0,#000000,#000000
40,56,0,#000000,#000000
41,56,0,#000000,#000000
42,56,0,#000000,#000000
43,56,0,#000000,#000000
44,56,0,#000000,#000000
45,56,0,#000000,#000000
46,56,0,#000000,#000000
47,56,0,#000000,#000000
48,56,0,#000000,#000000
49,56,0,#000000,#000000
50,56,0,#000000,#000000
51,56,0,#000000,#000000
52,56,0,#000000,#000000
53,56,0,#000000,#000000
54,56,0,#000000,#000000
55,56,0,#000000,#000000
56,56,0,#000000,#000000
57,56,0,#000000,#000000
58,56,0,#000000,#000000
59,56,0,#000000,#000000
60,56,0,#000000,#000000
61,56,0,#000000,#000000
62,56,0,#000000,#000000
63,56,0,#000000,#000000
64,56,0,#000000,#000000
65,56,0,#000000,#000000
66,56,0,#000000,#000000
67,56,0,#000000,#000000
68,56,0,#000000,#000000
69,56,0,#000000,#000000
70,56,0,#000000,#000000
71,56,0,#000000,#000000
72,56,0,#000000,#000000
73,56,0,#000000,#000000
74,56,0,#000000,#000000
75,56,0,#000000,#000000
76,56,0,#000000,#000000
77,56,0,#000000,#000000
78,56,0,#000000,#000000
79,56,0,#000000,#000000
80,56,0,#000000,#000000
81,56,0,#000000,#000000
82,56,0,#000000,#000000
83,56,0,#000000,#000000
84,56,0,#000000,#000000
85,56,0,#000000,#000000
86,56,0,#000000,#000000
87,56,0,#000000,#000000
88,56,0,#000000,#000000
89,56,0,#000000,#000000
90,56,0,#000000,#000000
91,56,0,#000000,#000000
92,56,0,#000000,#000000
93,56,0,#000000,#000000
94,56,0,#000000,#000000
95,56,0,#000000,#000000
96,56,0,#000000,#000000
97,56,0,#000000,#000000
98,56,0,#000000,#000000
99,56,0,#000000,#000000
0,57,0,#000000,#000000
1,57,0,#000000,#000000
2,57,0,#000000,#000000
3,57,0,#000000,#000000
4,57,0,#000000,#000000
5,57,0,#000000,#000000
6,57,0,#000000,#000000
7,57,0,#000000,#000000
8,57,0,#000000,#000000
9,57,0,#000000,#000000
10,57,0,#000000,#000000
11,57,0,#000000,#000000
12,57,0,#000000,#000000
13,57,0,#000000,#000000
14,57,0,#000000,#000000
15,57,0,#000000,#000000
16,57,0,#000000,#000000
17,57,0,#000000,#000000
18,57,0,#000000,#000000
19,57,0,#000000,#000000
20,57,0,#000000,#000000
21,57,0,#000000,#000000
22,57,0,#000000,#000000
23,57,0,#000000,#000000
24,57,0,#000000,#000000
25,57,0,#000000,#000000
26,57,0,#000000,#000000
27,57,0,#000000,#000000
28,57,0,#000000,#000000
29,57,0,#000000,#000000
30,57,0,#000000,#000000
31,57,0,#000000,#000000
32,57,0,#000000,#000000
33,57,0,#000000,#000000
34,57,0,#000000,#000000
35,57,0,#000000,#000000
36,57,0,#000000,#000000
37,57,0,#000000,#000000
38,57,0,#000000,#000000
39,57,0,#000000,#000000
40,57,0,#000000,#000000
41,57,0,#000000,#000000
42,57,0,#000000,#000000
43,57,0,#000000,#000000
44,57,0,#000000,#000000
45,57,0,#000000,#000000
46,57,0,#000000,#000000
47,57,0,#000000,#000000
48,57,0,#000000,#000000
49,57,0,#000000,#000000
50,57,0,#000000,#000000
51,57,0,#000000,#000000
52,57,0,#000000,#000000
53,57,0,#000000,#000000
54,57,0,#000000,#000000
55,57,0,#000000,#000000
56,57,0,#000000,#000000
57,57,0,#000000,#000000
58,57,0,#000000,#000000
59,57,0,#000000,#000000
60,57,0,#000000,#000000
61,57,0,#000000,#000000
62,57,0,#000000,#000000
63,57,0,#000000,#000000
64,57,0,#000000,#000000
65,57,0,#000000,#000000
66,57,0,#000000,#000000
67,57,0,#000000,#000000
68,57,0,#000000,#000000
69,57,0,#000000,#000000
70,57,0,#000000,#000000
71,57,0,#000000,#000000
72,57,0,#000000,#000000
73,57,0,#000000,#000000
74,57,0,#000000,#000000
75,57,0,#000000,#000000
76,57,0,#000000,#000000
77,57,0,#000000,#000000
78,57,0,#000000,#000000
79,57,0,#000000,#000000
80,57,0,#000000,#000000
81,57,0,#000000,#000000
82,57,0,#000000,#000000
83,57,0,#000000,#000000
84,57,0,#000000,#000000
85,57,0,#000000,#000000
86,57,0,#000000,#000000
87,57,0,#000000,#000000
88,57,0,#000000,#000000
89,57,0,#000000,#000000
90,57,0,#000000,#000000
91,57,0,#000000,#000000
92,57,0,#000000,#000000
93,57,0,#000000,#000000
94,57,0,#000000,#000000
95,57,0,#000000,#000000
96,57,0,#000000,#000000
97,57,0,#000000,#000000
98,57,0,#000000,#000000
99,57,0,#000000,#000000
0,58,0,#000000,#000000
1,58,0,#000000,#000000
2,58,0,#000000,#000000
3,58,0,#000000,#000000
4,58,0,#000000,#000000
5,58,0,#000000,#000000
6,58,0,#000000,#000000
7,58,0,#000000,#000000
8,58,0,#000000,#000000
9,58,0,#000000,#000000
10,58,0,#000000,#000000
11,58,0,#000000,#000000
12,58,0,#000000,#000000
13,58,0,#000000,#000000
14,58,0,#000000,#000000
15,58,0,#000000,#000000
16,58,0,#000000,#000000
17,58,0,#000000,#000000
18,58,0,#000000,#000000
19,58,0,#000000,#000000
20,58,0,#000000,#000000
21,58,0,#000000,#000000
22,58,0,#000000,#000000
23,58,0,#000000,#000000
24,58,0,#000000,#000000
25,58,0,#000000,#000000
26,58,0,#000000,#000000
27,58,0,#000000,#000000
28,58,0,#000000,#000000
29,58,0,#000000,#000000
30,58,0,#000000,#000000
31,58,0,#000000,#000000
32,58,0,#000000,#000000
33,58,0,#000000,#000000
34,58,0,#000000,#000000
35,58,0,#000000,#000000
36,58,0,#000000,#000000
37,58,0,#000000,#000000
38,58,0,#000000,#000000
39,58,0,#000000,#000000
40,58,0,#000000,#000000
41,58,0,#000000,#000000
42,58,0,#000000,#000000
43,58,0,#000000,#000000
44,58,0,#000000,#000000
45,58,0,#000000,#000000
46,58,0,#000000,#000000
47,58,0,#000000,#000000
48,58,0,#000000,#000000
49,58,0,#000000,#000000
50,58,0,#000000,#000000
51,58,0,#000000,#000000
52,58,0,#000000,#000000
53,58,0,#000000,#000000
54,58,0,#000000,#000000
55,58,0,#000000,#000000
56,58,0,#000000,#000000
57,58,0,#000000,#000000
58,58,0,#000000,#000000
59,58,0,#000000,#000000
60,58,0,#000000,#000000
61,58,0,#000000,#000000
62,58,0,#000000,#000000
63,58,0,#000000,#000000
64,58,0,#000000,#000000
65,58,0,#000000,#000000
66,58,0,#000000,#000000
67,58,0,#000000,#000000
68,58,0,#000000,#000000
69,58,0,#000000,#000000
70,58,0,#000000,#000000
71,58,0,#000000,#000000
72,58,0,#000000,#000000
73,58,0,#000000,#000000
74,58,0,#000000,#000000
75,58,0,#000000,#000000
76,58,0,#000000,#000000
77,58,0,#000000,#000000
78,58,0,#000000,#000000
79,58,0,#000000,#000000
80,58,0,#000000,#000000
81,58,0,#000000,#000000
82,58,0,#000000,#000000
83,58,0,#000000,#000000
84,58,0,#000000,#000000
85,58,0,#000000,#000000
86,58,0,#000000,#000000
87,58,0,#000000,#000000
88,58,0,#000000,#000000
89,58,0,#000000,#000000
90,58,0,#000000,#000000
91,58,0,#000000,#000000
92,58,0,#000000,#000000
93,58,0,#000000,#000000
94,58,0,#000000,#000000
95,58,0,#000000,#000000
96,58,0,#000000,#000000
97,58,0,#000000,#000000
98,58,0,#000000,#000000
99,58,0,#000000,#000000
0,59,0,#000000,#000000
1,59,0,#000000,#000000
2,59,0,#000000,#000000
3,59,0,#000000,#000000
4,59,0,#000000,#000000
5,59,0,#000000,#000000
6,59,0,#000000,#000000
7,59,0,#000000,#000000
8,59,0,#000000,#000000
9,59,0,#000000,#000000
10,59,0,#000000,#000000
11,59,0,#000000,#000000
12,59,0,#000000,#000000
13,59,0,#000000,#000000
14,59,0,#000000,#000000
15,59,0,#000000,#000000
16,59,0,#000000,#000000
17,59,0,#000000,#000000
18,59,0,#000000,#000000
19,59,0,#000000,#000000
20,59,0,#000000,#000000
21,59,0,#000000,#000000
22,59,0,#000000,#000000
23,59,0,#000000,#000000
24,59,0,#000000,#000000
25,59,0,#000000,#000000
26,59,0,#000000,#000000
27,59,0,#000000,#000000
28,59,0,#000000,#000000
29,59,0,#000000,#000000
30,59,0,#000000,#000000
31,59,0,#000000,#000000
32,59,0,#000000,#000000
33,59,0,#000000,#000000
34,59,0,#000000,#000000
35,59,0,#000000,#000000
36,59,0,#000000,#000000
37,59,0,#000000,#000000
38,59,0,#000000,#000000
39,59,0,#000000,#000000
40,59,0,#000000,#000000
41,59,0,#000000,#000000
42,59,0,#000000,#000000
43,59,0,#000000,#000000
44,59,0,#000000,#000000
45,59,0,#000000,#000000
46,59,0,#000000,#000000
47,59,0,#000000,#000000
48,59,0,#000000,#000000
49,59,0,#000000,#000000
50,59,0,#000000,#000000
51,59,0,#000000,#000000
52,59,0,#000000,#000000
53,59,0,#000000,#000000
54,59,0,#000000,#000000
55,59,0,#000000,#000000
56,59,0,#000000,#000000
57,59,0,#000000,#000000
58,59,0,#000000,#000000
59,59,0,#000000,#000000
60,59,0,#000000,#000000
61,59,0,#000000,#000000
62,59,0,#000000,#000000
63,59,0,#000000,#000000
64,59,0,#000000,#000000
65,59,0,#000000,#000000
66,59,0,#000000,#000000
67,59,0,#000000,#000000
68,59,0,#000000,#000000
69,59,0,#000000,#000000
70,59,0,#000000,#000000
71,59,0,#000000,#000000
72,59,0,#000000,#000000
73,59,0,#000000,#000000
74,59,0,#000000,#000000
75,59,0,#000000,#000000
76,59,0,#000000,#000000
77,59,0,#000000,#000000
78,59,0,#000000,#000000
79,59,0,#000000,#000000
80,59,0,#000000,#000000
81,59,0,#000000,#000000
82,59,0,#000000,#000000
83,59,0,#000000,#000000
84,59,0,#000000,#000000
85,59,0,#000000,#000000
86,59,0,#000000,#000000
87,59,0,#000000,#000000
88,59,0,#000000,#000000
89,59,0,#000000,#000000
90,59,0,#000000,#000000
91,59,0,#000000,#000000
92,59,0,#000000,#000000
93,59,0,#000000,#000000
94,59,0,#000000,#000000
95,59,0,#000000,#000000
96,59,0,#000000,#000000
97,59,0,#000000,#000000
98,59,0,#000000,#000000
99,59,0,#000000,#000000